-- phpMyAdmin SQL Dump
-- version 4.8.5
-- https://www.phpmyadmin.net/
--
-- Máy chủ: 127.0.0.1:3306
-- Thời gian đã tạo: Th10 28, 2019 lúc 07:21 AM
-- Phiên bản máy phục vụ: 5.7.26
-- Phiên bản PHP: 7.2.18

SET SQL_MODE = "NO_AUTO_VALUE_ON_ZERO";
SET AUTOCOMMIT = 0;
START TRANSACTION;
SET time_zone = "+00:00";


/*!40101 SET @OLD_CHARACTER_SET_CLIENT=@@CHARACTER_SET_CLIENT */;
/*!40101 SET @OLD_CHARACTER_SET_RESULTS=@@CHARACTER_SET_RESULTS */;
/*!40101 SET @OLD_COLLATION_CONNECTION=@@COLLATION_CONNECTION */;
/*!40101 SET NAMES utf8mb4 */;

--
-- Cơ sở dữ liệu: `web_bansach`
--

-- --------------------------------------------------------

--
-- Cấu trúc bảng cho bảng `db_banner`
--

DROP TABLE IF EXISTS `db_banner`;
CREATE TABLE IF NOT EXISTS `db_banner` (
  `ma_banner` varchar(50) COLLATE utf8_unicode_ci NOT NULL,
  `ten_banner` varchar(255) COLLATE utf8_unicode_ci NOT NULL COMMENT 'tên banner',
  PRIMARY KEY (`ma_banner`)
) ENGINE=MyISAM AUTO_INCREMENT=2 DEFAULT CHARSET=utf8 COLLATE=utf8_unicode_ci;

--
-- Đang đổ dữ liệu cho bảng `db_banner`
--

INSERT INTO `db_banner` (`ma_banner`, `ten_banner`) VALUES
('BN001', 'banner1.jpg');

-- --------------------------------------------------------

--
-- Cấu trúc bảng cho bảng `db_bill`
--

DROP TABLE IF EXISTS `db_bill`;
CREATE TABLE IF NOT EXISTS `db_bill` (
  `id_bill` int(11) NOT NULL AUTO_INCREMENT,
  `bill_code` varchar(50) COLLATE utf8mb4_unicode_ci NOT NULL,
  `ma_SP` varchar(50) CHARACTER SET utf8 COLLATE utf8_unicode_ci NOT NULL COMMENT 'mã sản phẩm',
  `tensp` varchar(200) COLLATE utf8mb4_unicode_ci NOT NULL,
  `user_code` varchar(50) COLLATE utf8mb4_unicode_ci NOT NULL,
  `hinhanh` varchar(200) COLLATE utf8mb4_unicode_ci NOT NULL,
  `product_price` int(11) NOT NULL,
  `product_amount` int(11) NOT NULL,
  `bill_date` varchar(100) COLLATE utf8mb4_unicode_ci NOT NULL,
  PRIMARY KEY (`id_bill`)
) ENGINE=MyISAM AUTO_INCREMENT=17 DEFAULT CHARSET=utf8mb4 COLLATE=utf8mb4_unicode_ci;

-- --------------------------------------------------------

--
-- Cấu trúc bảng cho bảng `db_cart`
--

DROP TABLE IF EXISTS `db_cart`;
CREATE TABLE IF NOT EXISTS `db_cart` (
  `id` int(11) NOT NULL AUTO_INCREMENT,
  `ma_SP` varchar(50) CHARACTER SET utf8 COLLATE utf8_unicode_ci NOT NULL COMMENT 'mã sản phẩm',
  `tensp` varchar(200) COLLATE utf8mb4_unicode_ci NOT NULL,
  `user_code` varchar(100) COLLATE utf8mb4_unicode_ci NOT NULL,
  `product_amount` int(11) NOT NULL,
  `product_price` int(11) NOT NULL,
  `hinhanh` varchar(200) COLLATE utf8mb4_unicode_ci NOT NULL,
  `total_money` int(11) NOT NULL,
  PRIMARY KEY (`id`)
) ENGINE=MyISAM AUTO_INCREMENT=189 DEFAULT CHARSET=utf8mb4 COLLATE=utf8mb4_unicode_ci;

-- --------------------------------------------------------

--
-- Cấu trúc bảng cho bảng `db_chitiethoadon`
--

DROP TABLE IF EXISTS `db_chitiethoadon`;
CREATE TABLE IF NOT EXISTS `db_chitiethoadon` (
  `ID` int(11) NOT NULL AUTO_INCREMENT COMMENT 'STT',
  `ma_HD` varchar(50) COLLATE utf8_unicode_ci NOT NULL COMMENT 'mã hóa đơn',
  `ma_SP` varchar(50) COLLATE utf8_unicode_ci NOT NULL COMMENT 'mã sản phẩm',
  `tongtien` double NOT NULL COMMENT 'tổng tiền',
  `isdelete` tinyint(2) NOT NULL COMMENT 'trạng thái. 1: tồn tại, 0 không tồn tại',
  `giaban` int(11) NOT NULL,
  `soluong` int(11) NOT NULL,
  PRIMARY KEY (`ID`)
) ENGINE=MyISAM AUTO_INCREMENT=45 DEFAULT CHARSET=utf8 COLLATE=utf8_unicode_ci;

-- --------------------------------------------------------

--
-- Cấu trúc bảng cho bảng `db_hoadon`
--

DROP TABLE IF EXISTS `db_hoadon`;
CREATE TABLE IF NOT EXISTS `db_hoadon` (
  `ma_HD` varchar(50) COLLATE utf8_unicode_ci NOT NULL COMMENT 'mã hóa đơn',
  `ma_KH` varchar(50) COLLATE utf8_unicode_ci NOT NULL COMMENT 'mã khách hàng',
  `ngaylap` date NOT NULL COMMENT 'ngày lập HĐ',
  `diachi` varchar(200) COLLATE utf8_unicode_ci NOT NULL COMMENT 'địa chỉ nhận hàng',
  `trangthai` tinyint(2) NOT NULL COMMENT 'trạng thái hóa đơn: 1.đã xử lý, 0: chưa xử lý',
  `isdelete` tinyint(2) NOT NULL COMMENT 'trạng thái. 1: tồn tại, 0: không tồn tại',
  `tongtien` int(11) NOT NULL,
  `updated_at` datetime DEFAULT NULL,
  `created_at` datetime DEFAULT NULL,
  PRIMARY KEY (`ma_HD`)
) ENGINE=MyISAM DEFAULT CHARSET=utf8 COLLATE=utf8_unicode_ci;

-- --------------------------------------------------------

--
-- Cấu trúc bảng cho bảng `db_loaisp`
--

DROP TABLE IF EXISTS `db_loaisp`;
CREATE TABLE IF NOT EXISTS `db_loaisp` (
  `ma_loaiSP` varchar(50) COLLATE utf8_unicode_ci NOT NULL COMMENT 'mã loại sp',
  `tenloaisp` varchar(255) COLLATE utf8_unicode_ci NOT NULL COMMENT 'tên loại sp',
  `isdelete` tinyint(2) NOT NULL COMMENT 'trạng thái.1: tồn tại, 0: không tồn tại',
  PRIMARY KEY (`ma_loaiSP`)
) ENGINE=MyISAM DEFAULT CHARSET=utf8 COLLATE=utf8_unicode_ci;

--
-- Đang đổ dữ liệu cho bảng `db_loaisp`
--

INSERT INTO `db_loaisp` (`ma_loaiSP`, `tenloaisp`, `isdelete`) VALUES
('ML001', 'Thiếu Nhi', 1),
('ML002', 'Văn Học', 1),
('ML003', 'Giáo Khoa - Tham Khảo', 1),
('ML004', 'Tâm Lý - Kỹ Năng Sống', 1),
('ML005', 'Sách Học Ngoại Ngữ', 1),
('ML006', 'Kinh Tế', 1),
('ML007', 'Lịch Sử - Địa Lý - Tôn Giáo', 1),
('ML008', 'Nuôi Dạy Con', 1);

-- --------------------------------------------------------

--
-- Cấu trúc bảng cho bảng `db_slideshow`
--

DROP TABLE IF EXISTS `db_slideshow`;
CREATE TABLE IF NOT EXISTS `db_slideshow` (
  `ma_slide` varchar(50) COLLATE utf8_unicode_ci NOT NULL COMMENT 'mã slide',
  `ten_slide` varchar(255) COLLATE utf8_unicode_ci NOT NULL COMMENT 'đường link',
  `noidung_slide` varchar(255) COLLATE utf8_unicode_ci NOT NULL COMMENT 'nội dung slide',
  PRIMARY KEY (`ma_slide`)
) ENGINE=MyISAM DEFAULT CHARSET=utf8 COLLATE=utf8_unicode_ci;

--
-- Đang đổ dữ liệu cho bảng `db_slideshow`
--

INSERT INTO `db_slideshow` (`ma_slide`, `ten_slide`, `noidung_slide`) VALUES
('SL001', 'slide1.jpg', 'Vui trung thu. Nhận quà liền tay!'),
('SL002', 'slide2.jpg', 'Thu về cực ngầu! Ghé Fahasha nhận ưu đãi!'),
('SL003', 'slide3.jpg', 'Búp bê Dung Korea cực đẹp!'),
('SL004', 'slide4.jpg', 'Lộc sale đì đùng cùng Fahasha!'),
('SL005', 'slide5.jpg', 'RBook tháng 9! Giảm giá  cực khủng!'),
('SL006', 'slide6.jpg', 'Minh Long giảm giá cực khủng mừng Trung thu!');

-- --------------------------------------------------------

--
-- Cấu trúc bảng cho bảng `db_sp`
--

DROP TABLE IF EXISTS `db_sp`;
CREATE TABLE IF NOT EXISTS `db_sp` (
  `ID` int(11) NOT NULL AUTO_INCREMENT COMMENT 'STT',
  `ma_SP` varchar(50) COLLATE utf8_unicode_ci NOT NULL COMMENT 'mã sp',
  `ma_loaiSP` varchar(50) COLLATE utf8_unicode_ci NOT NULL COMMENT 'mã loại sp',
  `tensp` varchar(255) COLLATE utf8_unicode_ci NOT NULL COMMENT 'tên sp',
  `giacu` double NOT NULL COMMENT 'giá cũ',
  `giamoi` double NOT NULL COMMENT 'giá mới',
  `sp_noibat` tinyint(2) NOT NULL COMMENT 'sp nổi bật. 1: bật trạng thái, 0: tắt trạng thái',
  `sp_moi` tinyint(2) NOT NULL COMMENT 'sp mới: 1: bật trạng thái, 0: tắt trạng thái',
  `mota` text COLLATE utf8_unicode_ci NOT NULL COMMENT 'mô tả sp',
  `hinhanh` varchar(255) COLLATE utf8_unicode_ci DEFAULT 'nopicture.jpg' COMMENT 'hình ảnh sp',
  `soluong` int(11) NOT NULL COMMENT 'số lượng',
  `isdelete` tinyint(2) NOT NULL COMMENT 'trạng thái. 1: tồn tại, 0: không tồn tại',
  `updated_at` datetime DEFAULT NULL,
  `created_at` datetime DEFAULT NULL,
   PRIMARY KEY (`ID`),
  KEY `ma_loaiSP` (`ma_loaiSP`)
) ENGINE=MyISAM AUTO_INCREMENT=112 DEFAULT CHARSET=utf8 COLLATE=utf8_unicode_ci;

--
-- Đang đổ dữ liệu cho bảng `db_sp`
--

INSERT INTO `db_sp` (`ma_SP`, `ma_loaiSP`, `tensp`, `giacu`, `giamoi`, `sp_noibat`, `sp_moi`, `mota`, `hinhanh`, `soluong`, `isdelete`, `updated_at`, `created_at`) VALUES
('MS061', 'ML006', 'ĐẦU TƯ: KẾ HOẠCH 12 THÁNG ĐẾN VỚI TỰ DO TÀI CHÍNH', 170000, 144500, 0, 0, 'Danielle Town, con gái của nhà đầu tư thành công và là tác giả cuốn sách tài chính bán chạy nhất Rule #1, Phil Town, đã dành phần lớn cuộc đời trưởng thành của mình để tránh đầu tư cho đến khi cô nhận ra với nghề luật sư tốn thời gian cô không được gì ngoài bị công việc kiểm soát cuộc sống hay tiền bạc của mình. Quyết tâm lấy lại tự do, bỏ phiếu bằng tiền của mình cho các giá trị mà cô tin tưởng và đối phó với nỗi sợ hãi thị trường chứng khoán khó lường, cô đã quay sang cha mình, Phil, để ông giúp cô chịu trách nhiệm về cuộc sống và tương lai thông qua đầu tư vào giá trị theo kiểu Warren Buffett. Trong suốt một năm, Danielle đã đi từ chỗ tránh mọi thứ liên quan đến phức hợp công nghiệp-tài chính đến chỗ biết chính xác cách thức và thời điểm đầu tư vào các công ty tuyệt vời.\r\n\r\nTrong mỗi chương, Danielle xem xét các chiến lược đầu tư mà cô thành thạo khi sự hiểu biết ngày càng tăng của cô làm tăng thêm niềm tin cậy giữa cô với cha mình. Xuyên suốt cuốn sách, cô hợp lý hóa quá trình đưa ra các quyết định tài chính khôn ngoan và cho bạn thấy việc đầu tư có thể dễ dàng — và sinh lợi — như thế nào.\r\n\r\nNắm bắt một sự cho và nhận ấm áp, hấp dẫn và thực tế giữa một cô con gái cứng đầu và người cha kiên nhẫn nhất của mình, cuốn sách này làm cho thế giới phức tạp của việc đầu tư trở nên đơn giản, dễ hiểu và dễ tiếp cận, sẽ giúp bạn hình thành kế hoạch đầu tư của riêng mình và thúc đẩy sự tự tin để đưa nó vào hành động.', 'kinh-te-dau-tu.jpg', 16, 1, NULL, NULL),
('MS060', 'ML006', 'BÁO CÁO TÀI CHÍNH DƯỚI GÓC NHÌN CỦA WARREN BUFFETT', 86000, 62780, 1, 0, '“Benjamin Graham, “ông chủ” của Phố Wall và là thầy của Warren, đã ứng dụng các kỹ thuật phân tích trái phiếu sơ khai vào việc phân tích các cổ phiếu thông dụng. Nhưng Graham không bao giờ phân biệt giữa một công ty đang có lợi thế cạnh tranh dài hạn so với các đối thủ cạnh tranh và một công ty không có lợi thế đó. Ông chỉ quan tâm liệu công ty có đủ khả năng tạo lợi nhuận để giúp nó thoát khỏi khó khan về kinh tế đã đẩy giá cổ phiếu giảm lien tục hay không. Nếu giá không biến động sau hai năm, ông luền bán cổ phiếu đi. Không phải Graham đã lỡ chuyến tàu, mà chỉ là ông ấy không lên đúng chuyến tàu giúp ông trở thành người giàu nhất thế giới như Warren.\r\n\r\nNgược lại, sau khi khởi đầu sự nghiệp với Graham, Warren  đã khám phá ra khía cạnh kinh tế tuyệt vời của việc tạo ra tài sản của một công ty có lợi thế cạnh tranh dài hạn so với các đối thủ. Warren đã nhận ra rằng, càng nắm giữ cổ phiếu của một trong những doanh nghiệp tuyệt vời này lâu bao nhiêu thì bạn sẽ càng giàu có bấy nhiêu.\r\n\r\nTrong quá trình khám phá các lợi ích của việc sở hữu một doanh nghiệp có lợi thế cạnh tranh dài hạn, Warren đã phát triển một bộ công cụ phân tích độc đáo giúp xác định các dạng doanh nghiệp đặc biệt. Tuy được bắt nguồn từ trường phái cũ của Graham, nhưng cách nhìn nhận sự việc mới mẻ đã giúp ông xác định liệu công ty có thể tồn tại sau khi trải qua các vấn đề hiện tại hay không.”\r\n\r\n---------------\r\n\r\nQuyển sách “Báo cáo tài chính dưới góc nhìn của Warren Buffett” là một trong số những quyển sách nhận được mức cho điểm 4/5 sao trên trang giao dịch trực tuyến thông dụng Amazon.com tính đến thời điểm quyển sách này được dịch xong.\r\n\r\nỞ góc độ người đã học và làm việc trong lĩnh vực tài chính, có thể nhìn nhận quyển sách này là một cách dẫn dắt thú vị và sinh động đến với những khái niệm tẻ nhạt về báo cáo tài chính, đây là một quyển tốt ở mức độ nhập môn dành cho các nhà đầu tư mới bắt đầu tìm hiểu về báo cáo tài chính. Những ai đã tham gia các khóa học về tài chính kế toán ở các trường đại học hay các trung tâm đào tạo có thể đều có chung quan điểm rằng học về báo cáo tài chính thật không có gì thú vị, bời cách tiếp cận khô khan của nhiều quyển sách giáo khoa hay tài liệu hướng dẫn. Và do đó, một cách giúp những người mới tìm hiểu về báo cáo tài chính không “ngán “ bữa ăn “tìm hiểu về báo cáo tài chính” ngay từ món khai vị là giới thiệu họ đã tìm đọc một quyển sách như thế này. Một món khai vị tốt có thể khiến bữa ăn trở nên hoàn hảo hơn.\r\n\r\nQuyển sách này là một món ăn “bình dân”, tạo một hứng thú nhất định cho người đọc tiếp tục theo đuổi những kiến thức nâng cao, chính quy hơn và hoàn chỉnh hơn, tạo hứng thú cho người mới tìm hiểu về cách đọc báo cáo tài chính và qua thông qua đó nắm bắt những nguyên lý cơ bản để tìm kiếm những “mỏ vàng” từ những thông tin trên báo cáo này để phục vụ cho việc đầu tư, mà quan trọng là tìm kiếm “lợi thế cạnh tranh bền vững” từ những con số tưởng chừng vô hồn.\r\n\r\nHy vọng quyển sách này sẽ giúp bạn tạo được sự thay đổi như Warren đã từng tạo ra bằng cách giúp bạn vượt qua các mô hình định giá thuộc trường phái Graham, như Warren đã làm, khám phá sức mạnh tạo nên sự giàu có dài hạn phi thường của một công ty có lợi thế cạnh tranh bền vững hơn các đối thủ và có cơ hội tham gia vào hội những nhà đầu tư khôn ngoan trên toàn thế giới.', 'kinh-te-bao-cao-tai-chinh-voi-goc-nhin-cua-warren.jpg', 40, 1, NULL, NULL),
('MS049', 'ML005', 'GIẢI THÍCH NGỮ PHÁP TIẾNG ANH (BÀI TẬP & ĐÁP ÁN)(TÁI BẢN 2019)', 15000, 127500, 1, 1, 'Giải Thích Ngữ Pháp Tiếng Anh (Bài Tập & Đáp Án)(Tái Bản 2019)', 'ngoai-ngu-giai-thich-ngu-phap-tieng-anh.jpg', 15, 1, NULL, NULL),
('MS050', 'ML005', 'HACKERS IELTS: WRITING', 239000, 191200, 0, 0, 'Bộ sách luyện thi IELTS đầu tiên có kèm giải thích đáp án chi tiết và hướng dẫn cách tự nâng band điểm.\r\n\r\nIELTS là cánh cửa giúp các bạn thí sinh hiện thực hóa ước mơ vươn ra thế giới. Chính vì vậy, ngay từ bây giờ, hãy nỗ lực luyện tập và chuẩn bị cho bài thi quan trọng này. Viện Ngôn ngữ Hackers đã biên soạn bộ sách HACKERS IELTS gồm 4 cuốn tương đương với 4 kỹ năng nhằm giới thiệu tới các bạn phương pháp luyện thi phù hợp nhất để có thể đạt điểm cao trong bài thi này.\r\n\r\nLuyện từng dạng bài một cách có hệ thống!\r\n\r\nBộ sách được thiết kế nhằm giúp người học nâng cao kỹ năng đọc hiểu thông qua quá trình luyện tập từng dạng bài một cách có hệ thống. Ngoài ra, đối với từng dạng bài, bạn còn được cung cấp những chiến lược làm bài cụ thể.\r\n\r\nLuyện tập theo xu hướng ra đề mới nhất!\r\n\r\nCác chủ đề trong bộ sách HACKERS IELTS được biên soạn dựa trên xu hướng ra đề mới nhất, nhờ vậy mà bạn có thể chuẩn bị tốt nhất cho bài thi thật. Các bài Actual Test cũng được biên soạn chính xác theo hình thức đề thi thật mới nhất. Vì vậy, bạn đã có trong tay đầy đủ tài liệu để có thể chuẩn bị kỹ lưỡng cho bài thi IELTS.\r\n\r\nTài liệu đặc biệt giúp bạn đạt điểm cao!\r\n\r\nĐặc biệt, HACKERS IELTS còn có phần tổng kết từ vựng “khủng” sau từng chương và thêm phần phụ lục về sự khác biệt giữa tiếng Anh Mỹ và tiếng Anh Anh. Ngoài ra, file MP3 đi kèm cung cấp cho người học các từ vựng xuất hiện trong các bài đọc.\r\n\r\nChúng tôi hi vọng rằng HACKERS IELTS sẽ trở thành cuốn cẩm nang hữu ích giúp bạn đạt được điểm số mong muốn trong bài thi IELTS và là người bạn đồng hành đáng tin cậy của bạn trên con đường chinh phục ước mơ.', 'ngoai-ngu-hacker-ielts.jpg', 17, 1, NULL, NULL),
('MS051', 'ML005', 'KHẨU NGỮ TIẾNG LÀO', 40000, 30800, 0, 0, 'Chưa có', 'ngoai-ngu-khau-ngu-tieng-lao.jpg', 14, 1, NULL, NULL),
('MS052', 'ML005', 'TẬP VIẾT CHỮ HÁN', 50000, 38000, 0, 0, 'Dù bạn học bất kỳ một môn ngoại ngữ nào cũng đều trải qua một quá trình khó khăn và vất vả đòi hỏi người học phải có sự quyết tâm cao trong quá trình học tập, chỉ có sự cố gắng của bản thân mới có hiệu quả và đạt được thành công mong muốn. Tuy nhiên khá nhiều bạn khá băn khoăn và đặt khá nhiều câu hỏi: làm thế nào để học tiếng Trung hiệu quả nhất, cần phải học ở đâu, học tài liệu nào, phải học bao nhiêu thời gian mới có thể giao tiếp được, phương pháp học như thế nào để có hiệu quả…. Tóm lại là ai cũng mong được thành công trong thời gian ngắn nhất với môn ngoại ngữ mình chọn học!\r\n\r\nVới những bạn muốn học tốt tiếng Trung Quốc thì việc học và viết chữ Hán (chữ Trung Quốc) cũng là một việc không hề đơn giản, chữ Trung Quốc loằng ngoằng như giun bò và rất khó học, quả là một thử thách với người học\r\n\r\nVì vậy tập viết cũng là một việc rất quan trọng trong việc học tiếng Trung, giúp bạn học được thuận lợi hơn trong việc luyện tập chữ Hán, chúng tôi đã dày công biên soạn cuốn: TẬP VIẾT CHỮ HÁN (Biên soạn theo giáo trình 301 câu đàm thoại tiếng Hoa).\r\n\r\nCuốn sách gồm 4 phần:\r\n\r\nNguyên tắc viết chữ Hán\r\nCác nét cơ bản của chữ Hán\r\nTập viết\r\n Giới thiệu 214 bộ thủ trong tiếng Hán.', 'ngoai-ngu-tap-viet-chu-han.jpg', 23, 1, NULL, NULL),
('MS053', 'ML005', 'TIẾNG HÀN CƠ BẢN CÙNG CHERI HYERI (TÁI BẢN 2019)', 239000, 0, 0, 1, 'Xin chào các bạn!\r\n\r\nMình là Cheri Hyeri! Vào tháng 1 năm 2016, video đầu tiên được đăng tải trên kênh Youtube của mình chính là “Tiếng Hàn cơ bản”. Với bước đầu ấy, mình lo lắng nghĩ rằng “Ai mà xem video này chứ?”. Nhưng tính đến hôm nay, vifdeo đầu tiên này sắp đạt mốc hàn 2 triệu lượt view. Và cũng bởi video này, mình đã bắt đầu viết cuốn sách bạn đang cầm trên tay đây.\r\n\r\nSau khi bắt đầu kênh Youtube, mình nhận ra mối quan hệ hữu nghị giữa Việt Nam và Hàn Quốc ngày càng trở nên mật thiết, ngày càng có nhiều người Việt Nam muốn học tiếng Hàn. Nhưng học tiếng Hàn không hề dễ dàng với nhiều người. Do vậy, mình nghĩ rằng nếu viết sách kết hợp với video thì nhiều người có thể học tiếng Hàn dễ dàng hơn ở bất cứ đâu chỉ cần có wifi.\r\n\r\nTrong 4 bài đầu, bước đầu tiên và co bản nhất chính là bảng chữ cái Hangul. Và những bài còn lại, nội dung chính tập trung vào từ vựng, loại câu và ngữ pháp cơ bản được sử dụng nhiều trong đời sống hằng ngày. Cuối mỗi bài, có những khảo sát nhỏ thú vị về Hàn Quốc do chính mình thực hiện, mọi người đừng quên tham khảo nhé! Tuy nhiên, cuốn sách này không dùng cho thi cử, nội dung chính của sách tập trung vào những cách diễn đạt quen thuộc và sử dụng nhiều trong cuộc sống thường ngày.\r\n\r\nCheri Hyeri cũng hy vọng rằng, một ngày nào đó mình có thể viết giáo trình dạy tiếng Việt dành cho người Hàn Quốc. Và hôm nay mình xin được trân trọng giới thiệu giáo trình đầu tiên đến mọi người. Mình hay nói trong mỗi cuối video: “Kiên trì là điều quan trọng nhất khi học ngôn ngữ!!” Nếu mọi người học một cách kiên trì theo sách và video của Cheri Hyeri thì chắc chắn năng lực tiếng Hàn của mọi người sẽ được cải thiện nhiều!!!\r\n\r\nCheri Hyeri hy vọng cuốn sách này sẽ nhận được sự chào đón của các bạn. Mình sẽ luôn khiêm tốn lắng nghe những ý kiến đóng góp để có thể hoàn thiện sách tốt hơn. Và hy vọng trong tương lai Cheri Hyeri có thể viết thêm nhiều sách hữu ích cho việc học tiếng Hàn.\r\n\r\nCheri Hyeri xin chân thành cảm ơn tất cả những bạn đã xem và yêu mến video của Cheri Hyeri. Đặc biệt là đất nước Việt Nam, một động lực to lớn làm tất cả mọi điều trở nên có thể. ', 'ngoai-ngu-tieng-han-co-ban-cung-cheri.jpg', 69, 1, NULL, NULL),
('MS047', 'ML005', '5500 TỪ VỰNG TIẾNG ANH THÔNG DỤNG NHẤT (TÁI BẢN LẦN 1)', 60000, 48000, 0, 1, '5500 Từ Vựng Tiếng Anh Thông Dụng Nhất (Tái Bản Lần 1)\r\nViệc học Tiếng Anh trở nên cấp thiết và là nhu cầu của đa số người dùng hiện nay, việc tiếp cận Tiếng Anh giúp bạn có nhiều cơ hội hơn trong cuộc sống cũng như nâng cao kiến thức của mình. Nhằm đáp ứng nhu cầu tra cứu và mở rộng vốn từ vựng Tiếng Anh của các bạn, chúng tôi đã biên soạn cuốn 5500 Từ Vựng Tiếng Anh Thông Dụng Nhất.\r\n- Cuốn sách cập nhật nhiều từ mới, được sử dụng phổ biến trong giao tiếp tiếng Anh hiện đại.\r\n- Phiên âm theo chuẩn quốc tế giúp bạn phát âm chuẩn như người bản ngữ.\r\n- Phần giải thích rõ ràng, dễ hiểu và chuẩn xác, rất tiện lợi cho việc tra cứu, sử dụng.\r\n- Thiết kế 4 màu, kích thước nhỏ gọn, hình thức đẹp, có kèm theo những trang từ điển bằng hình ảnh.\r\n- Giúp bạn hiểu tới hơn 99% nội dung trong hầu hết các tình huống giao tiếp.', 'ngoai-ngu-5500-tu-vung-tieng-anh.jpg', 13, 1, NULL, NULL),
('MS048', 'ML005', 'CÙNG KHỦNG LONG HỌC TIẾNG ANH THEO CHỦ ĐỀ - LỚP 1 (PHIÊN BẢN MỚI)', 68000, 54400, 0, 0, '“CÙNG KHỦNG LONG HỌC TIẾNG ANH” là bộ sách đầu tiên tại Việt Nam được viết theo tiêu chuẩn Quốc tế dành cho học sinh Tiểu học (từ 5 đến 12 tuổi).\r\n\r\nBộ sách được xây dựng để các con có thể tự học tiếng Anh tại nhà dưới sự kèm cặp của cha mẹ mà không phải đến những trung tâm tiếng Anh đông người mà hiệu quả học tập không cao.\r\n\r\nBộ sách giúp các con rèn luyện khả năng tư duy bằng cả 2 bán cầu não trái và bán cầu não phải; luyện cả 2 kỹ năng tư duy logic của não trái và tư duy hình ảnh của não phải thông qua phương pháp học TIÊN TIẾN nhất – học qua hình ảnh, màu sắc và âm thanh.\r\n\r\nƯU ĐIỂM VƯỢT TRỘI CỦA BỘ SÁCH:\r\n\r\n- Nhớ từ mới nhanh và lâu thông qua hình ảnh và hoạt động bài tập đặc sắc. Giúp cân bằng 2 bán cầu não.\r\n\r\n- Hệ thống ngữ pháp nền tảng và ứng dụng siêu dễ hiểu.\r\n\r\n- File nghe chuẩn Quốc tế với giáo viên nước ngoài và mã cào tiện dụng.\r\n\r\n- Tập viết từ mới tiếng Anh ngay sau mỗi bài học.\r\n\r\n- Nghiên cứu hành vi người học Việt Nam theo phương pháp học Tiếng Anh chuẩn quốc tế.\r\n\r\nNỘI DUNG CHƯƠNG TRÌNH được chia thành các chủ đề thân thuộc với các con như chủ đề Gia đình, chủ đề Động vật… Mỗi chủ để được lồng ghép những kiến thức lý thuyết xen lẫn với hình ảnh minh họa phù hợp với độ tuổi của con.\r\n\r\nCHI TIẾT “CÙNG KHỦNG LONG HỌC TIẾNG ANH” – LỚP 1\r\n\r\nNội dung chương trình bao gồm các chủ đề Chào hỏi – Số đếm – Màu sắc – Đồ dùng học tập – Gia đình – Đồ chơi – Động vật trang trại – Bộ phận cơ thể – Thời tiết – Hoạt động…\r\n\r\nSau khi học xong bộ sách “Cùng Khủng long học tiếng Anh” – Lớp 1, các con sẽ nắm được những kiến thức:\r\n\r\n1. Những nhóm từ vựng cơ bản liên quan đến 10 chủ đề trên\r\n\r\n2. Phát âm đúng chuẩn theo người nước ngoài những cụm từ trên dựa trên bộ file nghe đi kèm.\r\n\r\n3. Luyện viết chữ đẹp các từ tiếng Anh.\r\n\r\n4. Nắm được những cấu trúc câu chào hỏi, giao tiếp đơn giản nhất, biết đặt những câu hỏi “What” và “Who” (“cái gì”, “ai”)…', 'ngoai-ngu-cung-khung-long-hoc-tieng-anh.jpg', 4, 1, NULL, NULL),
('MS059', 'ML006', '7 NGÀY KHỞI NGHIỆP', 55000, 42900, 0, 0, '7 Ngày Khởi Nghiệp\r\n\r\nLàm kinh doanh có thể là bất cứ thứ gì mang lại đồng lương cho người sáng lập ra nó nhưng đấy không phải là startup. Startup thì thú vị hơn một chút khi có tiềm năng ảnh hưởng lớn, khả năng cách tân cao và… mức độ không chắc chắn cao. Chỉ cần 7 ngày  để khởi nghiệp thành công - đọc tới đây ắt hẳn sẽ có nhiều bạn đọc nghi ngờ. Tuy nhiên, Dan Norris là minh chứng cho sự thật khó tin đó.\r\n\r\nDan Norris là một doanh nhân đam mê với một nỗi ám ảnh đối với tiếp thị nội dung và được bình chọn top blogger kinh doanh nhỏ của Úc bởi tạp chí kinh doanh lớn nhất nước Úc, thông minh hơn ý tưởng kinh doanh trong năm 2013. Dan cũng là người đồng sáng lập trong WP Curve, một trong những công ty hỗ trợ nhanh nhất thế giới đang phát triển WordPress.\r\n\r\nNhưng ít ai biết được trước khi gặt hái những thành công hiện tại ông đã mất 13 năm thấm nhuần những tư tưởng tẻ nhạt về tinh thần doanh nhân với rất nhiều lần thất bại. Ở tuổi 26,  Dan được thăng chức lên một vị trí quản lý khá nhàn hạ và cuối cùng cũng đã sẵn sàng bắt đầu một doanh nghiệp riêng để khẳng định với các đồng nghiệp của mình rằng \"Tôi sẽ trở thành một triệu phú trước tuổi 30\". Những dự án, những ý tưởng kinh doanh của công ty ông được mọi người ủng hộ, tung hô nhưng sự thật thì chúng đều không sinh lợi nhuận. Chẳng mấy chốc ông trắng tay.\r\n\r\nDan Norris chia sẻ: \"Tôi hành động dựa trên những giả định thay vì đưa ra quyết định dựa trên các thông tin thực tế. Lần duy nhất tôi hành động không dựa trên các giả định là với WP Curve. Tôi đã học được một bài học rất đáng giá từ thất bại khởi nghiệp này. Đó là “Bạn không thể học cho đến khi bạn bắt tay vào làm.\" Chính tinh thần \"không ngại khổ, không ngại khó\" đó  đã cho phép ông điều chỉnh, thay đổi mô hình và liên tiếp giải mã con đường kinh doanh thông qua vô vàn những nỗ lực khởi nghiệp thất bại và cuối cùng cán đích bằng một thành công vượt trội ngoài mong đợi - chính là WP Curve. Và từ việc mất sáu tháng trời để tìm kiếm được vị khách thực sự đầu tiên, ông đã rút ngắn thời gian này xuống còn 7 Ngày.\r\n\r\n7 Ngày Khởi Nghiệp là cuốn sách Dan viết từ chính trải nghiệm của mình trong kinh doanh. Nếu bạn vẫn chưa có một doanh nghiệp riêng, bạn cần phải xây dựng nó, vậy thì cuốn sách này sẽ giúp bạn làm điều đó. Bạn cần phải lăn lộn trong bảy ngày tới để biến ý tưởng thành hành động. Bạn không được làm việc gì khác, ngoại trừ kiên trì xây dựng doanh nghiệp của bạn. Khả năng học hỏi từ thông tin thực tế chính là lý do tại sao cuốn sách  này mang lại hiệu quả. Hãy xóa sạch những giả định khỏi mặt bàn, và tập trung khởi nghiệp trong vòng 7 Ngày.', 'kinh-te-7-ngay-khoi-nghiep.jpg', 10, 1, NULL, NULL),
('MS056', 'ML005', 'TIẾNG VIỆT HIỆN ĐẠI - MODERN VIETAMESE STAGE 1 + 3CDS', 103000, 0, 1, 0, 'Tiếng Việt Hiện Đại - Modern Vietamese Stage 1 + 3CDs', 'ngoai-ngu-tieng-viet-hien-dai.jpg', 10, 1, NULL, NULL),
('MS057', 'ML005', 'TOEFL PRIMARY STEP 1 - PRACTICE TEST (KÈM CD)', 178000, 147740, 0, 0, 'TOEFL Primary Step 1 - Practice Test The purpose of this book is to prepare young learners for successful results on the TOEFL Primary tests created by ETS. TOEFL Primary, the first level of TOEFL assessment, is designed to measure young learners\' English ability, especially their skills in reading, listening and speaking. Each units of this book introduces new words that are related to a given topic in order to stimulate young learners to learn new words or review one that they already know. One of the many advantages of this book is that all of the reading, listening, and speaking sections of each unit are centered on a particular topic. This allows students to see how the target words, phrases, and expressions are used differently in each section. The contexts for each topic have been carefully selected to correspond with the real test standards, so learners will find expressions, phrases, and directions that are similar to those appearing on the actual test. This book will give young learners a chance to become familiar with TOEFL Primary tests by looking at questions in a variety of situations.', 'ngoai-ngu-toefl-primary.jpg', 15, 1, NULL, NULL),
('MS058', 'ML005', 'TỰ HỌC 2000 TỪ VỰNG TIẾNG ANH THEO CHỦ ĐỀ (TÁI BẢN)', 65000, 52000, 0, 0, 'Nhà ngôn ngữ học nổi tiếng D.A.Wilkins đã nói rằng “Without grammar, very little can be conveyed; without vocabulary, nothing can be conveyed.” (Không có ngữ pháp, rất ít thông tin có thể được truyền đạt; Không có từ vựng, không một thông tin nào có thể được truyền đạt cả). Vì thế, trong việc học một ngoại ngữ, thì từ vựng có thể xem như các tế bào nhỏ hình thành nên khả năng sử dụng ngoại ngữ của người học.\r\n\r\nCác bạn đang băn khoăn chưa biết nên học từ vựng như thế nào để có thể ghi nhớ được nhiều từ và lâu nhất. Dưới đây là những phương pháp học mà các bạn có thể áp dụng để học từ vựng hiệu quả nhất.\r\n\r\n1. Học từ vựng theo chủ đề\r\nThay vì học riêng lẻ từng từ rời rạc, nếu các bạn biết nhóm chúng vào cùng một chủ đề thì đảm bảo việc học thuộc sẽ trở nên đơn giản hơn rất nhiều luôn. Có vốn từ vựng theo chủ đề, khi làm bài thi nói hoặc viết theo một chủ đề nào đó bạn sẽ phát huy được tối đa vốn từ vựng. Khiến bài nói và bài viết của bạn trôi chảy và nhiều ý tưởng. Vì vậy, việc học từ theo chủ đề cũng giống như một mũi tên trúng hai đích vậy, vừa giúp chúng ta biết thêm nhiều từ mới, vừa có nhiều từ vựng và ý hay để triển khai cho bài thi được tốt hơn.\r\n\r\n2. Sử dụng hình ảnh, âm thanh hay câu chuyện để ghi nhớ từ vựng nhanh\r\nThực tế cho thấy, cách mà nhiều người thường hay học từ vựng đó là viết từ vựng đó kèm nghĩa ra giấy thật nhiều lần để ghi nhớ. Tuy nhiên, cách này có thể hiệu quả tức thời nhưng về lâu về dài, nếu không sử dụng lại thì chắc chắn ta sẽ quên từ. Ngược lại, nếu sử dụng những hình ảnh, âm thanh hay câu chuyện ấn tượng thì có thể khiến não bộ chúng ta nhớ rất mãi. Cách thức học này cũng vô cùng đơn giản, khi chúng ta học một từ mới, hãy cố gắng tự nghĩ ý tưởng và minh họa cho nó bằng hình ảnh ngộ nghĩnh, khi học một nhóm từ vựng theo chủ đề, hãy cố gắng sắp xếp chúng vào thành một đoạn văn, kể về một câu chuyện thú vị.\r\n\r\n3. Học từ vựng qua bài hát, phim ảnh\r\n\r\nNhiều lúc do tâm lý nghĩ học tập là một gánh nặng, bắt buộc phải học mà khiến chúng ta mất đi niềm vui trong việc tiếp nhận tri thức. Nếu các bạn có thể giải tỏa tâm lý đó bằng việc nghe nhạc hay xem phim thì sẽ khiến từ mới “vào đầu” dễ dàng hơn mà không khiến ta chán nản khi học. Các bạn nên học từ vựng bằng những phim từ mức độ thấp đến cao. Rất nhiều bộ phim hay để học tiếng Anh như: Extra English, Friends, How I met your mother?...\r\n\r\n4. Luôn có một cuốn sổ tay ghi từ mới\r\nCuốn sổ này sẽ cực kì hữu ích cho bạn trong việc học mọi lúc mọi nơi. Mỗi ngày bạn hay ghi vào quyển sổ đó những từ mới học được bao gồm nghĩa, họ từ và ngày nào cũng mở ra đọc và học lại như vậy từ vựng đó sẽ không bao giờ có thể quên được.\r\n\r\n5. Tập sử dụng các từ mới và ôn tập thường xuyên\r\nSau khi học các từ mới, bạn nên tập sử dụng chúng hàng', 'ngoai-ngu-tu-hoc-2000-tu-vung-tieng-anh.jpg', 10, 1, NULL, NULL),
('MS054', 'ML005', 'TIẾNG NHẬT CHO MỌI NGƯỜI - SƠ CẤP 1 - BẢN TIẾNG NHẬT (BẢN MỚI)', 145000, 87000, 0, 0, 'Giáo trình dạy tiếng Nhật Minna no Nihongo bộ mới', 'ngoai-ngu-tieng-nhat-cho-moi-nguoi.jpg', 18, 1, NULL, NULL),
('MS055', 'ML005', 'TIẾNG VIỆT 123 (TIẾNG VIỆT DÀNH CHO NGƯỜI NHẬT)', 273000, 218400, 0, 0, 'Tiếng Việt 123 (Tiếng Việt Dành Cho Người Nhật)\r\n\r\nHiện nay trên thị trường có nhiều sách dạy tiếng Việt cho người nước ngoài, giáo trình phục vụ việc dạy – học tiếng Việt cho người nước ngoài. Nhìn chung, các tài liệu này đều đáp ứng được mong muốn của người nước ngoài ở các trình độ khác nhau. Tuy nhiên, với mục đích làm cho tiếng Việt trở nên gần gũi, thực tế hơn trung tâm 123VIETNAMESE đã xây dựng riêng giáo trình Tiếng Việt 123 cho trình độ mới bắt đầu.\r\n\r\nNgoài các phần giới thiệu hệ thống nguyên âm, phụ âm, thanh điệu tiếng Việt, 3 bài ôn tập, 5 bài văn hóa, sách gồm 16 bài học với các chủ đề quen thuộc trong cuộc sống như: làm quen, mua sắm, thời tiết, chỉ đường…\r\n\r\nCấu trúc một bài học bao gồm hội thoại – từ vựng – ngữ pháp và ngữ âm. Đây là những nội dung quan trọng giúp người nước ngoài học tiếng Việt tiếp cận và làm quen những vấn đề cơ bản của một ngôn ngữ mới. Từ cấu trúc bài học giáo viên sẽ có những xử lí linh hoạt với từng đối tượng học để vừa đảm bảo kiến thức chuẩn vừa phát huy  khả năng sử dụng ngôn ngữ của học viên.\r\n\r\nHệ thống các bài ôn tập (sau mỗi 5 bài học) nhằm giúp người học củng cố lại kiến thức. Từ đó giáo viên có thể mở rộng thêm các ngữ cảnh mới để học viên sử dụng nhuần nhuyễn nội dung đã học.\r\n\r\nCác bài giới thiệu văn hóa mang đến cho người nước ngoài những trải nghiệm đầu tiên về đất nước Việt Nam khi học tiếng Việt. Các bài viết đều ngắn gọn, ngôn từ được sử dụng đơn giản có kèm hình ảnh nên dễ hiểu, sinh động.', 'ngoai-ngu-tieng-viet-123.jpg', 20, 1, NULL, NULL),
('MS036', 'ML004', 'ĐỜI BẠN, BẠN KHÔNG SỐNG, AI SỐNG HỘ?', 86000, 0, 1, 1, 'KHÔNG QUYỀN LỰC NÀO CÓ THỂ GIÚP BẠN LẤY LẠI TUỔI TRẺ CỦA MÌNH\r\n\r\nTrong khi những người hàng xóm Châu Á còn giữ nguyên tư tưởng “Còn bé nhờ cậy cha mẹ, trưởng thành nhờ cậy vợ chồng, về già nhờ cậy con cái”, Nhật Bản từ lâu đã biến mình thành một con sói cô đơn.\r\n\r\nĐiều gì đã khiến Nhật Bản vượt qua chiến tranh tàn khốc, trở thành một cường quốc? Điều gì đã giúp những người dân đương đầu với thiên tai mỗi năm, tiếp tục cuộc sống gắn bó với đảo quốc nhỏ bé này?\r\n\r\nĐó chính là tinh thần tự lực!\r\n\r\nKhông dựa dẫm, không làm phiền người khác, không trông chờ người khác sống hộ mình, đó chính là một phẩm chất cao quý, là “phép màu” đã giúp người Nhật sống tốt qua những thử thách khắc nghiệt!\r\n\r\n“Đời bạn, bạn không sống, ai sống hộ?” – cuốn sách đã bán được hơn 2 TRIỆU BẢN tại xứ sở hoa anh đào, là những lời tâm huyết đúc kết bởi nữ nhà văn nổi tiếng Kazuko Watanabe, để bạn thấu hiểu:\r\n\r\n- Cuộc sống sẽ không dành cho bạn những thử thách vô nghĩa. Mỗi sự việc xảy ra đều có lý do của nó, việc của bạn là chấp nhận và lựa chọn cách đối mặt.\r\n\r\n- Những thử thách trong cuộc đời đều chỉ có một mục đích duy nhất là rèn luyện bạn thành một viên kim cương tỏa sáng. Còn điều gì quan trọng hơn sự tự tin vào năng lực của chính mình? Khi bạn có khả năng kiếm tiền, bạn có thể nhìn thấy cơ hội trong mọi nghề nghiệp. Khi bạn có thể thấu hiểu quy luật của cuộc sống, bạn có thể sống ở bất cứ nơi đâu.\r\n\r\n- Chúng ta không thể lựa chọn xuất thân, nhưng có thể lựa chọn cách sống. Và sự thay đổi\r\n\r\nbắt đầu ngay từ giây phút bạn thay đổi tư duy và hành động, nhận thức được bạn chính là\r\n\r\nngười duy nhất phải gánh vác cuộc đời mình.\r\n\r\n“Đời bạn, bạn không sống, ai sống hộ?” – cuốn sách về tư tưởng độc lập và tinh thần tự lực của người Nhật, đã trở thành nguồn cảm hứng cho hàng triệu độc giả Châu Á, giúp họ bước qua những định kiến xã hội, sống cuộc đời trọn vẹn và ý nghĩa. Khác với những tuyên ngôn hùng hồn của cánh đàn ông, Kazuko Watanabe vẫn mang vào tác phẩm sức hút truyền cảm, nhẹ nhàng mà không kém phần sâu sắc.\r\n\r\nĐời bạn, bạn không sống, ai sống hộ? – Hãy tự hỏi bản thân, hãy nghĩ xem trên đời này có quyền lực nào có thể mua lại thời gian hay một cuộc sống mới cho bạn hay không? Nếu có, hãy cứ sống lãng phí và hời hợt như vậy. Nếu không, thì bắt đầu sống cho mình ngay thôi!', 'tam-ly-ky-nang-doi-ban-ban-khong-song-ai-song-ho.jpg', 10, 1, NULL, NULL),
('MS037', 'ML004', 'ĐỜI CÒN DÀI HÀ TẤT PHẢI HOANG MANG', 115000, 89700, 0, 0, 'CỨ ĐI THÔI, PHÍA TRƯỚC ẮT SẼ CÓ ĐƯỜNG.\r\n\r\nTuổi đôi mươi, chúng ta luôn hoang mang, mơ hồ. Trong lòng dù có ước mơ, đôi mắt vẫn đầy hy vọng, nhưng lại chẳng thể nhìn rõ con đường phía trước, không biết nên chọn ngả nào, cũng chẳng phân định được người bên cạnh sẽ đi cùng mình bao lâu.\r\n\r\nTại sao thất tình lại đau đớn như vậy?\r\n\r\nTại sao cuộc sống lại khó khăn đến thế?\r\n\r\nTại sao quan hệ xã hội lại phức tạp tới mức này?\r\n\r\nTrưởng thành là một quá trình đầy đau khổ, trở thành người lớn chính là học cách chuyển hết mọi uất ức về chế độ im lặng. Cái giá của sự trưởng thành là đổi nụ cười vô ưu ngày nào lấy lớp vỏ bọc cứng rắn, đổi sự con trẻ hồn nhiên lấy một cái tôi già dặn trầm ổn. Mấy ai không chán nản? Mấy ai không hoài niệm?\r\n\r\nThế nhưng, xin đừng vội vã, cũng đừng buông xuôi tuyệt vọng. Những ngôi sao sáng nhất luôn ở trên bầu trời đen tối nhất. Bạn sẽ tìm thấy phiên bản hoàn hảo nhất khi bản thân đang ở nghịch cảnh tồi tệ nhất.\r\n\r\nTrên đời này, vốn dĩ không có đường cùng, chỉ có những ranh giới, bước qua vạch xuất phát này sẽ đến một chặng đường khác. Những gì hôm nay bạn phải chịu đựng, nhất định tương lai sẽ dùng phương thức tốt hơn để trả lại cho bạn!\r\n\r\nĐường đời thực sự rất dài, hà tất phải hoang man', 'tam-ly-ky-nang-doi-con-dai-ha-tat-phai-hoang-mang.jpg', 14, 1, NULL, NULL),
('MS038', 'ML004', 'ĐỪNG LỰA CHỌN AN NHÀN KHI CÒN TRẺ', 81000, 0, 1, 1, 'Đừng Lựa Chọn An Nhàn Khi Còn Trẻ\r\n\r\nTrong độ xuân xanh phơi phới ngày ấy, bạn không dám mạo hiểm, không dám nỗ lực để kiếm học bổng, không chịu tìm tòi những thử thách trong công việc, không phấn đấu hướng đến ước mơ của mình. Bạn mơ mộng rằng làm việc xong sẽ vào làm ở một công ty nổi tiếng, làm một thời gian sẽ thăng quan tiến chức. Mơ mộng rằng khởi nghiệp xong sẽ lập tức nhận được tiền đầu tư, cầm được tiền đầu tư là sẽ niêm yết trên sàn chứng khoán. Mơ mộng rằng muốn gì sẽ có đó, không thiếu tiền cũng chẳng thiếu tình, an hưởng những năm tháng êm đềm trong cuộc đời mình.\r\n\r\nNhưng vì sao bạn lại nghĩ rằng bạn chẳng cần bỏ ra chút công sức nào, cuộc sống sẽ dâng đến tận miệng những thứ bạn muốn? Bạn cần phải hiểu rằng: Hấp tấp muốn mau chóng thành công rất dễ khiến chúng ta đi vào mê lộ. Thanh xuân là khoảng thời gian đẹp đẽ nhất trong đời, cũng là những năm tháng then chốt có thể quyết định tương lai của một người. Nếu bạn lựa chọn an nhàn trong 10 năm, tương lai sẽ buộc bạn phải vất vả trong 50 năm để bù đắp lại. Nếu bạn bươn chải vất vả trong 10 năm, thứ mà bạn chắc chắn có được là 50 năm hạnh phúc. Điều quý giá nhất không phải là tiền mà là tiền bạc.\r\n\r\nThế nên, bạn à, đừng lựa chọn an nhàn khi còn trẻ.', 'tam-ly-ky-nang-dung-lua-chon-khi-con-tre.jpg', 16, 1, NULL, NULL),
('MS039', 'ML004', 'HÀI HƯỚC MỘT CHÚT THẾ GIỚI SẼ KHÁC ĐI', 60000, 45000, 0, 0, 'Cuộc đời này không thể thiếu sự hài hước, hài hước cũng là một nét đẹp, một gia vị khiến cuộc sống thú vị hơn. Hầu như không ai là không thích hài hước, dí dỏm, hơn nữa hài hước còn gắn bó mật thiết với sự thành bại của cuộc đời mỗi người.\r\n\r\nTrong cuộc sống gia đình, hài hước có thể  khiến các thành viên trong gia đình hòa thuận và hạnh phúc hơn. Sự dí dỏm có thể hòa giải được rất nhiều mâu thuẫn và tranh cãi giữa vợ chồng, giải tỏa những hiểu lầm, bất đồng hay xóa nhòa khoảng cách, thắt chặt tình cảm cả gia đình sống trong không khí đầm ấm.\r\n\r\nTrong giao tiếp xã hội, hài hước giúp chúng ta thiết lập được mạng lưới quan hệ rộng rãi. Người hài hước thường là những người tràn đầy nhiệt huyết với cuộc sống, với thế giới. Có ai lại nỡ từ chối giao tiếp với những người như vậy cơ chứ?\r\n\r\nHài hước có thể giúp bạn tự tạo ra môi trường thuận lợi “như cá gặp nước” trong các hoạt động xã giao. Hài hước không chỉ có lợi cho việc đàm phán mà còn như một cánh tay tiếp them sức mạnh cho công việc của bạn, giúp bạn nhanh chóng đạt được thành công, chuyển bại thành thắng.\r\n\r\nHài hước một chút, thế giới sẽ khác đi – cuốn sách với nội dung phong phú mà sâu sắc này sẽ giúp các bạn có được cái nhìn rõ nét hơn về tầm quan trọng của tính hài hước dưới các góc độ, phương diện đánh giá khác nhau, cũng như có thêm những kĩ năng vận dụng sự hài hước vào trong cuộc sống. Hi vọng sau khi đọc xong cuốn sách này, bạn có thể biến mình thành một người biết nói chuyện, khéo léo vận dụng những ngôn từ hài hước, “gãi đúng chỗ ngứa” của đối phương để mở ra con đường dẫn tới thành công, được mọi người yêu mến.\r\n\r\nBiết cách hài hước đúng mực sẽ giúp bạn thành công. Hãy cùng tìm hiểu  về nghệ thuật hài hước! Nó có thể giúp bạn đạt được những thành tựu rực rỡ cũng như nắm được bí quyết sử dụng thời gian một cách hữu hiệu trên  đường đời.', 'tam-ly-ky-nang-hai-huoc-mot-chut-the-gioi-se-khac-di.jpg', 80, 1, NULL, NULL),
('MS040', 'ML004', 'MÌNH LÀ CÁ, VIỆC CỦA MÌNH LÀ BƠI', 89000, 64970, 0, 0, 'Mình Là Cá, Việc Của Mình Là Bơi\r\n\r\nĐã bao nhiêu lần bạn tự hỏi về sự tồn tại của bản thân trên thế giới này? Đã bao nhiêu lần bạn thấy mình chìm trong những ý nghĩ tích cực nhất. Đã bao nhiêu lần bạn bỏ lỡ cơ hội đáng lẽ thuộc về bạn?\r\n\r\nMột cuốn sách hay không chỉ là cuốn sách khiến bạn nhìn thấy chính bản thân mình trong đó mà còn là một cuốn sách giúp bạn trở nên tốt hơn. Đâu đó đã có người nói rằng, nếu điều gì khiến bạn vui vẻ nhưng không khiến bạn tốt lên, hãy từ bỏ nó.\r\n\r\n“Mình là cá, việc của mình là bơi” sẽ khiến bạn thấy rằng:\r\n\r\n-   Tự đày đọa bản thân bằng những ý nghĩ tiêu cực chỉ khiến bạn rút ngắn thời gian của những tháng ngày vui vẻ.\r\n\r\n-   Muốn yêu cuộc sống này, trước hết cần biết chấp nhận bản thân và yêu chính mình đã.\r\n\r\n-   Cuộc sống ngắn ngủi lắm, chớp mắt một cái là bạn đã thêm một tuổi. Vậy thì đừng lãng phí cơ hội làm điều mình muốn.\r\n\r\n-   Hãy sống như một chú cá, bơi hết mình, cố gắng hết sức dù cho ngày mai có ra sao đi nữa.\r\n\r\n-   Chỉ cần là một hạt giống mạnh mẽ, bạn sẽ trở thành một cây cổ thụ.\r\n\r\nCuộc sống hiện đại vốn chứa đựng vô vàn những điều phức tạp, đừng giăng mắc thêm những “cái bẫy” cho chính bản thân bằng những suy nghĩ tiêu cực. Hãy tập trung vào việc mình có thể làm được và làm tốt công việc ấy.\r\n\r\nCuộc đời không bao giờ cho chúng ta những thử thách mà con người không thể vượt qua được. Trái tim con người vốn là tạo vật mạnh mẽ nhất, chỉ cần bạn luôn ghi nhớ điều đó', 'tam-ly-ky-nang-minh-la-ca-viec-cua-minh-la-boi.jpg', 13, 1, NULL, NULL),
('MS041', 'ML004', 'NGUYÊN TẮC KỶ LUẬT BẢN THÂN', 70000, 54600, 0, 1, 'Có tính kỷ luật và ý chí mạnh mẽ là có khả năng làm được những việc khó khăn hoặc những việc không dễ chịu bởi vì những điều này là tốt hơn cho sự thành công của bạn trong thời gian dài. Điều đó có thể là thức dậy sớm để tập thể dục thay vì như mọi khi bạn sẽ muốn nhấn nút báo thức lại, hoặc có thể là chống lại sự cám dỗ của một món ăn vặt nhiều đường mà bạn biết việc này sẽ gây khủng hoảng năng lượng vào thời điểm một giờ sau đó.\r\n\r\nBất luận bất cứ việc gì bạn làm để hoàn thành mục tiêu của mình và để thành công, tính kỷ luật sẽ là một kỹ năng thiết yếu trong quá trình đó. Mặt khác, một cuộc sống không có kỷ luật thì tất yếu sẽ là cuộc sống chất đầy sự hối tiếc bởi vì không việc gì đáng làm mà không đem lại thành quả.\r\n\r\nTrọng tâm của cuốn sách \"Nguyên tắc kỷ luật bản thân\" là khắc sâu tính kỷ luật bản thân và ý chí như là một thói quen vô thức để đảm bảo rằng bạn luôn có thể đạt được mục tiêu của mình và sống mà không hối hận. Thức dậy mỗi sáng sớm hơn năm phút có thể không có ý nghĩa gì nhiều khi xét trên cơ sở hàng ngày, nhưng lại có một hiệu ứng tích lũy cực kỳ lớn dẫn bạn đến con đường thành công. Cũng giống như vận động viên khởi động và làm giãn cơ bắp của mình trước một cuộc đua, tính kỷ luật bản thân là một kỹ năng cần được mài giũa.', 'tam-ly-ky-nang-nguyen-tac-ky-luat-ban-than.jpg', 17, 1, NULL, NULL),
('MS042', 'ML004', 'QUY TẮC CỦA SỰ THANH LỊCH', 69000, 50370, 0, 0, 'Thanh lịch là một phong cách sống cần có ở tất cả mọi cô gái.\r\n\r\nSự thanh lịch không chỉ thể hiện qua ngoại hình, mà còn qua cách cư xử, chuyện trò, và tất nhiên, cả trong cảm xúc. Ra đời từ cách đây hơn một thập kỷ, nhưng Quy tắc của sự thanh lịch vẫn luôn giữ được sức sống của nó, bởi những bí quyết của Emiko Kato vô cùng thực tế và dường như không-bao-giờ-lỗi-thời. Những quy tắc tưởng chừng như cực kỳ đơn giản, nhưng có thể bấy lâu nay bạn đã bỏ sót và quên lãng. Quy tắc của sự thanh lịch là cuốn sách dành cho mọi cô gái đã, đang và sẽ muốn trở thành một quý cô thanh lịch thật tự nhiên, không cần gắng gượng!', 'tam-ly-ky-nang-quy-tac-cua-thanh-lich.jpg', 13, 1, NULL, NULL),
('MS043', 'ML004', 'TẠI SAO THẦY BÓI NÓI ĐÚNG', 99000, 77220, 1, 0, 'Tại Sao Thầy Bói Nói Đúng\r\n\r\nCon người lúc nào cũng tò mò với những hiện tượng kỳ bí không thể lý giải. Chúng ta hào hứng khi xem ảo thuật, phấn khích với những câu chuyện kinh dị, luôn tò mò về các thế lực siêu nhiên và đặc biệt ưa thích việc bói toán.\r\n\r\nChỉ cần biết mỗi tên tuổi và ngày sinh, thầy bói đã có thể đọc vanh vách về tiểu sử và tương lai của bạn. Bạn trầm trồ ngạc nhiên và thán phục về khả năng nhìn thấu quá khứ vị lai của họ. Nhưng thực sự thầy bói có khả năng siêu nhiên như vậy hay đằng sau họ là những mánh lới nào khác?\r\n\r\nTại sao thầy bói nói đúng – cuốn sách phân tích về tâm linh dưới góc độ tâm lý học. Không phải tài liệu khoa học khô khan hay những câu chuyện giật gân, cuốn sách là lời giải đáp về sự kỳ bí của thế giới tâm linh mà chúng ta vẫn tò mò bấy lâu nay. Bằng lối viết sinh động, hài hước và dễ hiểu cùng những bằng chứng khoa học đáng tin cậy, tác giả Richard Wiseman sẽ dẫn bạn đi trên một chuyến hành trình đầy cuốn hút vào một thế giới nơi mọi thứ đều có thể xảy ra.', 'tam-ly-ky-nang-song-tai-sao-thay-boi-noi-dung.jpg', 16, 1, NULL, NULL),
('MS044', 'ML004', 'TÂM LÝ HỌC GIAO TIẾP', 97000, 75660, 0, 0, 'Trong đời người, từ xin việc cho đến thăng chức, từ xã giao cho đến kết bạn, từ trò chuyện cho đến thuyết phục, tất cả đều cần đến khả năng ăn nói. Do đó, người nắm bắt được kỹ năng giao tiếp cũng giống như có được con át chủ bài của sự thành công.\r\n“Tâm lý học giao tiếp” tập trung phân tích các hiệu ứng tâm lý và các bí quyết giao tiếp, giải mã tâm hồn đối phương. Đồng thời giúp bạn vận dụng lý thuyết tâm lý học vào những trường hợp giao tiếp thực tế trong cuộc sống. Cách giải quyết các tình huống khó xử, cách nhờ vả, đàm phán, diễn thuyết, bán hàng, phỏng vấn, cách ứng xử với lãnh đạo, cấp dưới, đồng nghiệp và cả người yêu, đều sẽ được lý giải trong từng ví dụ cụ thể', 'tam-ly-ky-nang-tam-ly-hoc-giao-tiep.jpg', 18, 1, NULL, NULL),
('MS045', 'ML004', 'TRÊN ĐƯỜNG BĂNG (TÁI BẢN 2017)', 80000, 56000, 0, 0, 'Trên Đường Băng\r\n\r\nTRÊN ĐƯỜNG BĂNG là cuốn sách tập hợp những bài viết truyền cảm hứng và hướng dẫn kỹ năng cho các bạn trẻ khi chuẩn bị bước vào đời.\r\n\r\nCuốn Trên Đường Băng được chia làm 3 phần: “Chuẩn bị hành trang”, “Trong phòng chờ sân bay” và “Lên máy bay”, tương ứng với những quá trình một bạn trẻ phải trải qua trước khi “cất cánh” trên đường băng cuộc đời, bay vào bầu trời cao rộng.\r\n\r\nXuất phát từ cái tâm trong sáng của người đi trước dày dặn kinh nghiệm, kiến thức, Tony Buổi Sáng mang đến đọc giả những bài viết hài ước, tinh tế, sinh động và đầy thiết thực. Cuốn Trên Đường Băng với những bài viết về thái độ với sự học và kiến thức nói chung, cách ứng phó với những trắc trở thử thách khi đi làm, cách sống hào sảng nghĩa tình văn minh… truyền cảm hứng cho các bạn trẻ sống hết mình, trọn vẹn từng phút giây và sẵn sàng cho hành trang cuộc sống.\r\n\r\nTrên Đường Băng của Tony Buổi Sáng tuy hướng đến những đọc giả là những người trẻ nhưng những người lớn hơn vẫn để hiểu hơn, và có cách nhìn nhận cũng như giáo dục con em mình tốt nhất thay vì bảo vệ con quá kĩ trở nên yếu ớt và thiếu tự lập. Và để yêu thương “khoa học” nhất. Đây cũng là cuốn sách mà những người đi làm nên sở hữu để nhìn lại chặng đường mình đã đi qua, suy ngẫm và thay đổi vì chưa bao giờ là quá muộn.\r\n\r\nMột cuốn sách với nhiều điều để bạn học hỏi, suy ngẫm và chuẩn bị tốt nhất cho hành trang trên con đường tuổi trẻ của chính mình.', 'tam-ly-ky-nang-tren-duong-bang.jpg', 16, 1, NULL, NULL),
('MS046', 'ML004', 'XIN ĐƯỢC NÓI THẲNG', 189000, 132300, 1, 1, 'GS Hoàng Tụy là một trong hai người tiên phong trong việc xây dựng ngành Toán học Việt Nam và được coi là cha đẻ của lĩnh vực Tối ưu hóa toàn cục (Global Optimization). Không chỉ là một nhà Toán học tiêu biểu của Việt Nam, ông còn có nhiều đóng góp cho công cuộc chấn hưng nền giáo dục Việt Nam.\r\n\r\nBằng hiểu biết về ngành khoa học và giáo dục trong và ngoài nước, kinh nghiệm trong nghiên cứu, giảng dạy và quản lý trực tiếp, cùng tấm lòng tha thiết muốn điều tốt đẹp nhất cho nền khoa học-giáo dục Việt Nam, ông đã không ngừng đóng góp ý kiến về các vấn đề này. Không chỉ đưa ra nhận xét về tình hình thực tế tại từng thời điểm, Giáo sư còn nêu các giải pháp một cách cụ thể và chi tiết mà ông cho là phù hợp và khả dĩ với Việt Nam.\r\n\r\nCuốn sách này là sự tổng hợp và chỉnh lý từ những bài viết của GS Hoàng Tụy đã đăng trên phương tiện thông tin đại chúng, bao gồm 49 bài viết, được sắp xếp theo trình tự thời gian và chủ đề. Từ đó độc giả có thể nhìn xuyên suốt cả quá trình phát triển của nền khoa học – giáo dục trong nước, thấy được những thay đổi cũng như tồn đọng trong các chính sách và việc thực hiện chúng ở nước ta.\r\n\r\n+ĐÁNH GIÁ/NHẬN XÉT CHUYÊN GIA:\r\n\r\n“Trong suốt mấy chục năm, theo chiều dài lịch sử, Giáo sư Hoàng Tụy thường xuyên tranh luận, lên tiếng trên các diễn đàn để thẳng thắn chỉ ra những điều bất cập, lệch lạc, gây trở ngại cho sự tiến bộ của khoa học, giáo dục, cũng như sự nghiệp phát triển đất nước nói chung. (…) dù ngày nay thời cuộc thay đổi, khi những tiếng nói phản biện trở nên phổ biến và mạnh mẽ hơn trên các phương tiện thông tin đại chúng cũng như các mạng xã hội, nội dung các bài viết của Giáo sư Hoàng Tụy vẫn luôn đáng quan tâm bởi những giá trị thường hằng của chúng”.\r\n\r\n– Phạm Trần Lê\r\n\r\nPhó Tổng biên tập Phụ trách Báo Khoa học và Phát triển\r\n\r\n“Giáo sư Hoàng Tụy đã trở thành “tấm gương sáng cho các thế hệ làm toán và nghiên cứu khoa học Việt Nam về tinh thần làm việc khoa học kiên trì, sáng tạo, tự lực, không ngừng học tập; tác phong sư phạm mẫu mực, phương pháp nghiên cứu khoa học tỉ mỉ, chính xác và tinh thần làm việc trung thực”.\r\n\r\n– GS. Nguyễn Khoa Sơn\r\n\r\nNguyên Phó Viện trưởng Viện Khoa học và Công nghệ Việt Nam', 'tam-ly-ky-nang-xin-duoc-noi-thang.jpg', 67, 1, NULL, NULL),
('MS029', 'ML003', 'SỔ TAY KIẾN THỨC TOÁN TRUNG HỌC CƠ SỞ', 43000, 33110, 0, 0, 'Sổ Tay Kiến Thức Toán Trung Học Cơ Sở\r\n\r\nSổ Tay Kiến Thức Toán Trung Học Cơ Sở tập hợp những công thức, kiến thức căn bản của môn Toán cấp Trung học cơ sở, giúp các em học sinh có thể nắm bắt kiến thức nhanh chóng và áp dụng vào các bài toán một cách hiệu quả.\r\n\r\nĐây là cuốn sổ tay cấp 2 rất cần thiết trong tủ sách của các em học sinh.', 'giao-khoa-so-tay-kien-thuc.jpg', 23, 1, NULL, NULL),
('MS030', 'ML003', 'SỔ TAY THÀNH NGỮ TIẾNG VIỆT - DÙNG CHO HỌC SINH', 39000, 0, 0, 1, '', 'giao-khoa-so-tay-thanh-ngu-tieng-viet.jpg', 25, 1, NULL, NULL),
('MS031', 'ML003', 'TẬP VIẾT 1/2 (T9)', 3000, 0, 0, 0, 'Tập viết 1/2 (T9)', 'giao-khoa-tap-viet.jpg', 28, 1, NULL, NULL),
('MS032', 'ML003', 'TIẾNG VIỆT 1/2 (T9)', 14000, 0, 0, 0, 'Tiếng Việt 1/2 (T9)', 'giao-khoa-tieng-viet-lop-1.jpg', 5, 1, NULL, NULL),
('MS033', 'ML003', 'TIN HỌC DÀNH CHO TRUNG HỌC CƠ SỞ - QUYỂN 1', 26000, 24700, 0, 1, 'Tin Học Dành Cho Trung Học Cơ Sở - Quyển 1\r\n\r\nBộ sách Tin Học - Dành Cho Trung Học Cơ Sở gồm 4 quyển tương ứng với chương trình 4 khối lớp từ lớp 6 đến lớp 9. Mỗi quyển gồm các chương và bài học giới thiệu cho các em về máy tính, hệ điều hành, soạn thảo văn bảng trong word cùng bảng tính excel,… Kiến thưc được trình bày theo trật tự logic của vấn đề, đảm bảo chuẩn kiến thức và kỹ năng theo chương giáo dục của Bộ.\r\n\r\nQua mỗi bài học còn có thêm phần “Tìm hiểu mở rộng” giúp các em học sinh mở rộng kiến thức đã học trên lớp và giải quyết các các vấn trong cuộc sống thường ngày.', 'giao-khoa-tin-hoc-co-so.jpg', 4, 1, NULL, NULL),
('MS034', 'ML003', 'VỞ BÀI TẬP TOÁN 1 - TẬP 1 (SONG NGỮ VIỆT - ANH)', 24000, 22800, 0, 0, 'Vở Bài Tập Toán 1 - Tập 1 (Song Ngữ Việt - Anh)\r\n\r\nNhà xuất bản Giáo dục Việt Nam đã có công văn số: 1114/NXBGDVN ngày 18 tháng 07 năm 2014 V/v phát hành bộ sách giáo khoa Toán song ngữ Việt – Anh năm học 2014 – 2015. Bộ sách nhằm mục đích hỗ trợ phát triển kỹ năng giao tiếp và khả năng sử dụng tiếng Anh như một công cụ để học toán.\r\n\r\n Nội dung bộ sách được biên soạn, biên dịch theo đúng cấu trúc, nội dung và chương trình của sách giáo khoa đang được NXBGDVN xuất bản, phát hành hiện nay và sẽ giúp các em từng bước làm quen với việc học toán bằng tiếng Anh: từ việc biết đọc từ toán, biết viết các phép tính đến việc tận dụng vốn kiến thức toán đã học vào việc học toán và các môn học khác; Do vậy bộ sách hoàn toàn phù hợp cho việc dạy và học trong nhà trường.\r\n\r\nĐể đáp ứng kịp thời nhu cầu của giáo viên, học sinh trong tỉnh một cách đầy đủ bộ tài liệu sách giáo khoa toán song ngữ Việt – Anh phục vụ năm học 2014 – 2015, Các Sở Giáo dục và Đào tạo đã thông báo cho các đơn vị giáo dục biết và phổ biến đến giáo viên, học sinh đăng ký mua và đồng thời đặt mua để dùng vào thư viện trường học phục vụ cho việc giảng dạy.', 'giao-khoa-toan-lop-1.jpg', 13, 1, NULL, NULL),
('MS035', 'ML003', 'TUYỂN CHỌN NHỮNG BÀI VĂN KỂ CHUYỆN LỚP 5', 27000, 20250, 0, 1, 'Tuyển chọn những bài văn kể chuyện bao gồm 4 cuốn, chia theo các lớp ở bậc tiểu học từ lớp 2 đến lớp 5. Sách được biên soạn với mong muốn giúp các em học sinh có thêm tài liệu tự đọc và tự học.Các bài văn kể chuyện theo các dạng bài, kiểu bài sau: kể chuyện theo tranh, kể chuyện theo câu chuyện được học ở bài Tập đọc, kể chuyện về một câu chuyện dựa theo trí nhớ qua việc đọc sách hoặc được nghe kể. Có bài kể chuyện sáng tạo mà người kể phải nhập vai vào nhân vật trong câu chuyện, có hình thức phân vai, dựng lại câu chuyện. Lên lớp trên, Văn kể chuyện viết về người thật, việc thật, kể lại một kỷ niệm sâu sắc, cao hơn nữa là kể chuyện tưởng tượng.Các bài văn kể chuyện trong cuốn sách này phần lớn được tuyển chọn qua các bài văn đạt điểm cao của các em học sinh tiểu học.\r\n...\r\nMời các bạn đón đọc!', 'giao-khoa-tuyen-chon-nhung-bai-van-ke-chuyen.jpg', 14, 1, NULL, NULL),
('MS024', 'ML003', 'CÙNG EM HOẠT ĐỘNG TRẢI NGHIỆM 2 - TẬP 2', 22000, 19800, 1, 0, 'Cùng Em Hoạt Động Trải Nghiệm 2 - Tập 2', 'giao-khoa-cung-em-hoat-dong-trai-nghiem.jpg', 10, 1, NULL, NULL),
('MS025', 'ML003', 'GIẢI TÍCH - TẬP 1 - CALCULUS 7E', 419000, 0, 1, 0, 'Để phù hợp với chương trình đào tạo đại học ở Việt Nam nói chung và các trường Đại học Duy Tân nói riêng, nhóm biên dịch đã chủ động chia cuốn sách làm hai tập. Tập một dành cho giải tích hàm một biến, bao gồm lý thuyết phương trình vi phân và lý thuyết chuỗi.\r\n\r\nTập hai chứa các nội dung còn lại của toán cao cấp bao gồm giải cấp hàm nhiều biến và giải tích vector. Theo đó cuốn tập một này sẽ chứa 11 chương đầu của cuốn nguyên bản, bao gồm: Hàm số và giới hạn; đạo hàm; ứng dụng của đạo hàm; tích phân; phương trình vi phân; phương trình tham số và hệ tọa độ cực; dãy vô hạn và chuỗi. Cuốn hai sẽ chứa 6 chương còn lại của cuốn nguyên bản.', 'giao-khoa-giai-tinh-1.jpg', 7, 1, NULL, NULL),
('MS026', 'ML003', 'THỰC HÀNH KĨ NĂNG SỐNG DÀNH CHO HỌC SINH - LỚP 3', 23000, 20700, 0, 0, 'Thực Hành Kĩ Năng Sống Dành Cho Học Sinh - Lớp 3', 'giao-khoa-ky-nang-song.jpg', 10, 1, NULL, NULL),
('MS027', 'ML003', 'MEGA XOY HỌC NHANH - PHƯƠNG PHÁP GIẢI TOÁN TRẮC NGHIỆM', 52000, 40560, 0, 1, 'Mega XOY Học Nhanh Phương Pháp Giải Toán Trắc Nghiệm\r\n\r\nMega XOY Giải Nhanh Phương Pháp Giải Toán Trắc Nghiệm tích hợp đầy đủ, chuyên sâu 4 Chuyên đề “chắc chắn” có trong bài thi Toán Học.\r\n\r\nĐây là cuốn sổ tay Toán Học giúp team THPT đánh bật mất gốc kiến thức lớp 10,11- Học chắc kiến thức lớp 12.\r\n\r\nĐi sâu 4 Chuyên đề: Hàm số và các bài Toán liên quan; Nguyên hàm – Tích phân; Mũ – Logarit – Số Phức; Hình học không gian, tọa độ trong không gian.\r\n\r\nĐược kì vọng giúp học sinh Trung bình – Khá vẫn có thể ôn luyện mọi lúc mọi nơi và nắm chắc kiến thức với lời giải chi tiết, công thức, phương pháp làm bài.\r\n\r\nSổ tay gói gọn toàn bộ kiến thức trọng tâm, công thức, phương pháp làm bài môn Toán trong 3 năm học.\r\n\r\nTích hợp các chuyên đề trọng tâm theo từng dạng bài.\r\n\r\nDễ dàng học và mang đi mọi nơi.\r\n\r\nRèn luyện thành thạo kỹ năng nhận diện và phương pháp giải mọi dạng bài qua hệ thống bài tập đa dạng Mega XOY Giải Nhanh Phương Pháp Giải Toán Trắc Nghiệm là cuốn sổ tay Toán Học cần thiết cho bất kì team THPT nào muốn nắm chắc kiến thức và chinh phục môn Toán điểm cao nhất. Xứng đáng là “bảo bối” hỗ trợ đắc lực cho em.', 'giao-khoa-phuong-phap-giai-toan.jpg', 16, 1, NULL, NULL),
('MS028', 'ML003', 'QUỐC VĂN GIÁO KHOA THƯ (TÁI BẢN 2019)', 165000, 135300, 0, 0, 'QUỐC VĂN GIÁO KHOA THƯ và LUÂN LÝ GIÁO KHOA THƯ là hai bộ sách giáo khoa tiếng Việt được dạy song hành ở các trường Tiểu học Việt Nam trong suốt những thập niên thuộc nửa đầu thế kỷ XX.\r\n\r\nNhóm biên soạn sách gồm các ông Trần Trọng Kim, Nguyễn Văn Ngọc, Đặng Đình Phúc và Đỗ Thận – đều là những học giả, nhà văn, và là nhà giáo dục nổi tiếng, đương thời rất được tín nhiệm. Công việc biên soạn sách của họ còn mang tính định hướng của một nền giáo dục. Việc dạy song hành hai bộ sách QUỐC VĂN GIÁO KHOA THƯ và LUÂN LÝ GIÁO KHOA THƯ từ lớp Đồng ấu, lớp Dự bị đến lớp Sơ đẳng ở bậc Tiểu học cho thấy vấn đề luân lý, đạo đức và công dân giáo dục không chỉ là một tiết học mà là một nội dung lớn xuyên suốt quá trình phát triển trí óc và tâm hồn trẻ thơ.\r\n\r\nTừ đầu thập niên 1990 đến nay, bộ sách QUỐC VĂN GIÁO KHOA THƯ và LUÂN LÝ GIÁO KHOA THƯ đã được Nhà xuất bản Trẻ tái bản nhiều lần và được đông đảo bạn đọc nhiệt tình đón nhận. Lần tái bản này, cũng như các lần trước, chúng tôi chủ trương giữ đúng nguyên tác từ các bản in của Việt Nam Tiểu học Tùng thư, kể cả phần minh học khắc trên bản gỗ. Ngoại trừ một số bài mang dấu ấn chính trị rõ rệt của thời Pháp thuộc hoặc thời phong kiến đã được loại bỏ, những gì mang phần hồn của QUỐC VĂN GIÁO KHOA THƯ và LUÂN LÝ GIÁO KHOA THƯ đều được phục hiện trong tuyển tập này.', 'giao-khoa-quoc-van-giao-khoa-thu.jpg', 12, 1, NULL, NULL),
('MS022', 'ML002', 'TIỆM BÁNH NGỌT LÚC NỬA ĐÊM', 166000, 141100, 1, 1, 'Có một truyền thuyết thành thị kể rằng:\r\n\r\nỞ một góc khuất của thành phố, có một tiệm bánh ngọt, chỉ mở cửa lúc nửa đêm, không những bán đồ ngọt, mà còn trao đổi bí mật. Bạn tìm đến, kể cho các chủ tiệm câu chuyện của mình, họ sẽ vén bức màn lên, tiết lộ với bạn một bí mật. Trong mỗi món đồ ngọt đều ẩn giấu một bí mật không ai hay biết, trong mỗi bí mật có lẽ lại có một phần con người bạn.\r\n\r\nBánh ngọt lịm, kem thơm dịu, còn bí mật đa phần là đắng cay và nước mắt. Bạn có dám nếm thử vị ngọt the đắng ấy không?', 'van-hoc-tiem-banh-ngot.jpg', 13, 1, NULL, NULL);
INSERT INTO `db_sp` (`ma_SP`, `ma_loaiSP`, `tensp`, `giacu`, `giamoi`, `sp_noibat`, `sp_moi`, `mota`, `hinhanh`, `soluong`, `isdelete`, `updated_at`, `created_at`) VALUES
('MS023', 'ML002', 'TÔI ĐI TÌM TÔI', 160000, 128000, 0, 1, 'Tôi đi tìm tôi - những câu chuyện lan man, những suy nghĩ di gan, những con đường đã đến chưa đi, những bài học vỡ ra nhờ té sấp mặt trên đường đời gập ghềnh, bất định.\r\n\r\nSách chả có cấu trúc, thứ tự xếp hàng ngăn nắp hay văn chương theo khuôn khổ gì. Ai nói, cứ phải xếp hàng theo trật tự người đời sắp xếp? Ai nói, cứ phải lên chuồng xuống chuồng như gà công nghiệp? Hồi xưa, một cái khuôn dập một phát ra chín chục triệu sản phẩm. Giờ, in 3D cá nhân hóa theo thiết kế rồi nha.\r\n\r\nCho nên, sao không tạo ra thứ gì đó mới? Sao không phải là follow your heart – đi theo nhịp đập rất ư là wabi-sabi – không hoàn hảo một cách vô cùng hoàn hảo, để tìm thấy ý nghĩa và sự yên bình trong hành trình tiến tới bằng cách trở về?\r\n\r\n**********\r\n\r\nMạch ký ức của quá khứ như công tắc on/off, bạn lựa chọn tắt hay mở cũng như việc chọn giữa quên và nhớ. Đồng hành với hiện tại luôn có quá khứ, bởi nó đều là hai chiều kết dính tạo nên bạn ngày hôm nay. Đối với tác giả Nguyễn Phi Vân trong Tôi đi tìm tôi cũng vậy, quá khứ là những con người từ bốn phương trời mà chị được gặp, bị gặp và tình cờ gặp. “Họ đến, mang theo cơn mưa đầu hạ, giúp tôi nở hoa trên chính mảnh vườn xưa vốn nứt nẻ, khô cằn. Họ đến, để làm tôi đau, cho tôi hiểu thế nào là bóng đêm và vô ảnh. Tôi gật đầu, răn đe mình không được phép trôi về ngõ tối sình lầy. Và tôi thở phào khi họ bỏ ra đi. Họ đến, giúp tôi nhận ra khả năng vô giới hạn của bản thân, giúp tôi phá bỏ mọi thành trì những tưởng là tồn tại”.\r\n\r\nCác câu chuyện Nguyễn Phi Vân kể về bạn bè khắp bốn phương, về những kỷ niệm thời thơ ấu, về hình ảnh người mẹ với bao gạo và buồng dừa lưu lại ký ức đậm sâu cho tác giả. Đó là tất cả là những dấu ấn sâu sắc nhất đọng lại không những trong ký ức mà còn trong trái tim chị, để mỗi lần nhớ về quá khứ là mỗi lần thấu hiểu thêm cuộc đời.\r\n\r\nHai mươi chương sách Tôi đi tìm tôi tượng trưng cho hai mươi ga tàu ngược thời gian quay về quá khứ: những sân ga hoành tráng, đìu hiu, những câu chuyện về thành công, thất bại, chuyện con người và những ngã rẽ đổi đời, phản tư, dằn vặt; những nụ cười có, những giọt nước mắt của niềm hân hoan cũng có. Từng trang sách là loạt cảm xúc tuần hoàn của nỗi buồn, niềm vui mà chính tác giả đã từng trải qua.', 'van-hoc-toi-di-tim-toi.jpg', 12, 1, NULL, NULL),
('MS019', 'ML002', 'NGƯỜI THẮP SAO TRỜI', 60000, 45360, 0, 1, 'Bất kể gặp phải ai, đó đều là người chắc chắn phải gặp.\r\nDù xảy ra chuyện gì, đó đều là chuyện chắc chắn xảy ra.\r\nTất cả phát sinh vào thời điểm nào, đó đều là thời điểm không thể thay đổi.\r\nBởi vậy đừng ao ước được làm lại, đừng mất công tiếc nuối: Giá như…\r\n\r\nĐạo lý này, sau rất nhiều chuyện anh mới hiểu được.\r\nLà sau chuyện tay họa sĩ đi đổ rác, phát hiện ra anh và chống đối bằng vũ lực.\r\nSau chuyện súng anh cướp cò, làm hắn ngã lầu thiệt mạng.\r\nDĩ nhiên sau cả chuyện em hắn rơi vào đời anh như cục nợ, khuấy đảo mọi ngăn nắp tỉnh táo bằng tư duy thơ trẻ và ứng xử ngoài hành tinh của cậu ta.\r\n\r\nHai con người khiếm khuyết giữa đời đã gặp gỡ và lấp đầy nhau bằng những cách rất riêng.\r\nCậu bị cướp đi chốn dung thân bấp bênh, và được đền trả bằng chở che trường cửu.\r\nAnh chỉ vẽ cho cậu một con cừu, mà được đáp lại bằng muôn chiều xán lạn…', 'van-hoc-nguoi-thap-sao-troi.jpg', 8, 1, NULL, NULL),
('MS020', 'ML002', 'COMBO CHÚC MỘT NGÀY TỐT LÀNH + CẢM ƠN NGƯỜI LỚN (BỘ 2 CUỐN)', 225000, 168500, 1, 0, 'Combo Chúc Một Ngày Tốt Lành + Cảm Ơn Người Lớn (Bộ 2 Cuốn)\r\n\r\n1. Chúc Một Ngày Tốt Lành\r\n\r\nĐọc tựa cuốn sách mới nhất của nhà văn Nguyễn Nhật Ánh là muốn mở ngay trang sách. Bạn sẽ thấy một thứ ngôn ngữ lạ của Hàn Quốc hay của nước nào tùy bạn\r\n\r\nđoán, Gô un un là Chào buổi sáng; Un gô gô là Chúc ngủ ngon, và nữa, Chiếp un un; Ăng gô gô; Chiếp chiếp gô…\r\n\r\nSau chó Bê Tô, rồi Hai con mèo ngồi bên cửa sổ, nhà văn viết về một cặp heo\r\n\r\nNhân vật chính là hai con heo con, Lọ Nồi thông minh và Đeo Nơ xinh đẹp, cùng bạn chó Mõm Ngắn con chị Vện, mẹ Nái Sề, anh Đuôi Xoăn, Cánh Cụt và bọn gà chíp\r\n\r\nnhà chị Mái Hoa,… đã làm nên một câu chuyện vô cùng thú vị..\r\n\r\nVà thế giới trở nên thay đổi!\r\n\r\n2. Cảm Ơn Người Lớn\r\n\r\n“Tôi viết cuốn sách này không dành cho trẻ em. Tôi viết cho những ai từng là trẻ em.”  (CHO TÔI XIN MỘT VÉ ĐI TUỔI THỚ)\r\n\r\n---o0o---\r\n\r\nSo với trẻ con, người lớn luôn cảm thấy thiếu thốn và luôn cảm thấy đau khổ. “Ôi, đời tôi sao khổ thế này!” - đó là câu người lớn hay than, từ người không đủ tiền mua\r\n\r\nmột tấm áo đến người thiếu một khoản tiền nhỏ để có thể mua một ngôi nhà lớn.\r\n\r\nTrẻ con không bao giờ than như thế, vì bọn tôi cả đời chỉ cần đủ tiền mua bánh kẹo, cà rem, xi-rô, ổi xoài (tất nhiên cuộc đời trẻ con chỉ kéo dài đến chừng nào trở thành\r\n\r\nngười lớn). Đang đói bụng mà có tiền mua một ổ bánh mì là cuộc sống bọn tôi lập tức biến thành màu hồng dù trước đó nó được vẽ bằng gam màu nhem nhuốc gì đi\r\n\r\nnữa.\r\n\r\nTóm lại, trẻ con chẳng có mơ ước gì cao xa. Nhờ vậy bọn trẻ không có nhiều khổ não, thất vọng hay bất đắc chí như người lớn. Người lớn cũng biết thế nên họ tự đặt\r\n\r\nra các câu danh ngôn để tự răn mình. Lớn lên tôi đọc được câu “tri túc tiện túc đãi túc hà thời túc” – “biết đủ thì ắt thấy đủ, còn đợi cho đủ sẽ chẳng bao giờ thấy đủ”.\r\n\r\nCâu nói rất hay (người lớn bao giờ cũng nói hay) nhưng sau khi gật gù khen hay, người lớn thường làm ngược lại.\r\n\r\n(CẢM ỚN NGƯỜI LỚN)', 'van-hoc-nguyen-nhat-anh.jpg', 45, 1, NULL, NULL),
('MS021', 'ML002', 'ÔNG THỊ TRƯỞNG Ở FURNES', 98000, 78400, 0, 0, '“Việc gì mà phải để tâm đến những gì người khác nghĩ?” là một trong vài nguyên tắc sống của Joris Terlinck, viên thị trưởng lạnh lùng, chuyên quyền, một người luôn gieo rắc quanh mình sợ hãi và nước mắt. Nhưng cũng cùng người đàn ông ấy, một ngày kia, lại bắt đầu thay đổi. Chẳng ai có thể nhận ra viên thị trưởng xưa nữa…\r\n\r\nViết câu chuyện người đàn ông miệng lúc nào cũng ngậm xì gà ấy, Georges Simenon đã ghi tên mình vào danh sách (rất dài) chủ nhân các tác phẩm nghệ thuật lấy hình tượng “viên thị trưởng” của những thành phố miền Bắc châu Âu lục địa làm nhân vật.\r\n\r\nTuy Simenon hay hút tẩu chứ không phải xì gà, người ta vẫn nhận ra rất nhiều bóng dáng chính ông trong hình ảnh “viên thị trưởng ở Furnes” - cuốn tiểu thuyết đồ sộ theo cách riêng mà không ai ngoài Simenon (vốn dĩ cũng chẳng bao giờ để tâm tới những gì người khác nghĩ) nắm được bí quyết tạo ra.', 'van-hoc-thi-truong.jpg', 20, 1, NULL, NULL),
('MS018', 'ML002', 'NẾU CHỈ CÒN MỘT NGÀY ĐỂ SỐNG', 90000, 67500, 1, 1, 'Nếu Chỉ Còn Một Ngày Để Sống\r\n\r\n“Nếu chỉ còn một ngày để sống” tên sách gốc Everything, Everything là cuốn tiểu thuyết bán chạy số 1 của New York Times – đồng thời  được chuyển thể thành phim điện ảnh với sự góp mặt của hai diễn viên nổi tiếng là Amandla Stenberg trong vai Maddy và Nick Robinson trong vai Olly.  Ngay từ khi công chiếu,  bộ phim đã gây bão tại các phòng vé trên toàn thế giới kéo theo cơn sốt tìm đọc cuốn sách đặc biệt này đến từ các fan yêu thích bộ phim.\r\n\r\nMột chuyện tình cảm động được kể dưới ngòi bút tràn đầy những xúc cảm khác biệt đem đến cho người đọc những rung cảm chân thật chạm đến từng ngóc ngách trong trái tim. Một cuốn sách đã khiến hàng triệu độc giả phải khóc phải cười qua từng trang giấy.\r\n\r\n “Nếu cuộc đời là một cuốn sách thì bạn đọc ngược từ dưới lên cũng sẽ chẳng có gì thay đổi. Hôm nay chẳng khác gì hôm qua. Ngày mai cũng giống hệt ngày hôm nay. Trong cuốn sách về cuộc đời em, chương nào cũng giống hệt chương nào, cho tới khi anh xuất hiện.”\r\n\r\nĐánh đổi mọi thứ... vì tình yêu. Liệu điều đó có hoàn toàn xứng đáng ?\r\n\r\nĐiều gì sẽ xảy ra nếu bạn không thể chạm vào bất cứ thứ gì trong thế giới ngoài kia? Không bao giờ được hít thở bầu không khí trong lành, cảm nhận ánh nắng ban ngày làm bỏng rát khuôn mặt... hay thử hẹn hò và hôn lên môi cậu chàng hàng xóm? Những thứ giản đơn và ý nghĩa của cuộc sống mà bất kì ai cũng sẽ phải trải qua.\r\n\r\nTrong “Nếu chỉ còn một ngày để sống” , Maddy là một cô gái mắc hội chứng thiếu hụt miễn dịch tổ hợp trầm trọng, và Olly là cậu bạn nhà kế bên - cũng là mối hiểm nguy lớn nhất mà cô từng đối mặt. Bệnh của Maddy nổi tiếng như mức độ hiếm có của nó.\r\n\r\ncô có thể bị nhiễm bệnh bởi bất cứ nguyên tố nào ngoài trời. Đó là lý do mà cô được sống trong nhà với sự chăm sóc tận tình của mẹ và cô y tá. Thế nhưng cuộc sống êm đềm đến độ nhàm chán trong ngôi nhà bong bóng của Maddy đột ngột thay đổi khi có hàng xóm mới chuyển đến. Từng cuộc trò chuyện qua email trở thành sợi dây gắn kết những rung động đầu đời giữa Maddy và cậu chàng hàng xóm, Olly. Olly là cậu trai ưa thích thể thao, chạy nhảy, leo trèo suốt ngày. Maddy đã bị Olly thu hút ngay từ ánh nhìn đầu tiên qua ô cửa sổ. Chính từ khoảnh khắc ấy, có gì đó trong Maddy đã vùng lên khi cô muốn thoát khỏi cuộc sống bong bóng đó. Khao khát muốn được sống một cuộc đời tự do và làm những điều mình muốn.\r\n\r\nCó thể chúng ta không thể dự đoán được tương lai, nhưng chúng ta có thể dự trước vài điều. Những biến cố bất ngờ xảy đến trong cuộc đời Maddy sẽ khiến cuộc sống của cả hai thay đổi như thế nào ? Liệu tình yêu có phải thứ duy nhất khiến chúng ta dễ dàng cho đi và hi sinh tất cả để nắm lấy.  Tất cả sẽ được giải đáp một cách hoàn toàn thuyết phục trong Nếu chỉ còn một ngày để sống. Nó sẽ làm bạn mỉm cười, khóc trong sự xúc động và cảm nhận rõ ràng hơn ý nghĩa về mọi thứ diễn ra trong cuộc đời. Đó là một cuốn tiểu thuyết  mới mẻ, truyền năng lượng tích cực đến bạn và hãy luôn ghi nhớ rằng “Cuộc sống là một món quà, đừng quên tận hưởng nó !”\r\n\r\nCuốn sách giúp mùa hè của bạn trở nên đặc biệt ý nghĩa, còn chần chừ gì nữa mà không sở hữu ngay cuốn sách tuyệt vời này !', 'van-hoc-neu-chi-con-mot-ngay-de-song.jpg', 60, 1, NULL, NULL),
('MS017', 'ML002', 'NHỮNG ĐÊM TRẮNG', 59000, 47200, 0, 1, 'Những Đêm Trắng\r\n\r\n\"Đêm thứ nhất\r\n\r\nĐó là một đêm kì diệu, một đêm mà có lẽ chỉ có thể có được khi chúng ta còn trẻ, hỡi bạn đọc thân mến. Bầu trời đầy sao, một bầu trời lộng lẫy đến mức ngước nhìn lên nó ta phải bất giác tự hỏi mình: chẳng lẽ những con người cau có, trái tính trái nết đủ loại lại có thể sống dưới một bầu trời như thế... Đây cũng là một câu hỏi của tuổi trẻ, hỡi bạn đọc thân mến, một câu hỏi rất trẻ, nhưng cầu xin Đức Chúa Trời ban cho bạn thường xuyên hơn câu hỏi ấy!.. Còn nói về những quý ngài trái tính trái nết và cau có đủ loại thì tôi không thể không nhớ lại cách xử sự hợp lẽ của tôi trong cả ngày hôm đó. Ngay từ sáng sớm tôi đã bị một nỗi buồn kì lạ hành hạ. Tôi bỗng nhiên có cảm giác rằng tôi, một kẻ cô đơn, đang bị tất cả bỏ rơi, xa lánh. Tất nhiên, bất kì ai cũng có quyền hỏi: tất cả là ai... Bởi vì tôi sống ở Peterburg (1) đã tám năm nay mà hầu như chưa hề làm quen được với một người nào. Nhưng tôi phải làm quen để làm gì... Không có việc đó thì cả thành phố Peterburg cũng đã quen thuộc với tôi rồi; mà chính vì thế nên tôi mới cảm thấy tất cả đều bỏ rơi tôi khi toàn bộ thành Peterburg bỗng đột ngột kéo nhau ra các nhà nghỉ ngoại thành. Ở lại một mình tôi rất sợ, và suốt ba ngày dài tôi lang thang khắp thành phố trong nỗi buồn nặng nề và tuyệt nhiên không hiểu cái gì đang xẩy ra với mình...\"', 'van-hoc-dem-trang.jpg', 19, 1, NULL, NULL),
('MS015', 'ML002', 'CHÚNG MÌNH SẼ LẠI BÌNH YÊN', 82000, 59860, 0, 1, 'Thông tin tác giả:\r\n\r\nTên thật là Hoàn.\r\n\r\nMiêu tả về bản thân: Là một cô gái tháng Chín lại để quên tâm hồn vào tháng Tư\r\n\r\nSách đã xuất bản: Nắm tay giữa lòng thành phố (2017)\r\n\r\nTác phẩm góp bút: Những cánh hoa bay về trời (2017), Khi trái tim lỗi nhịp (2019).\r\n\r\nThông tin tác phẩm:\r\n\r\n“Chúng mình sẽ lại bình yên” là cuốn sách bao gồm 16 truyện ngắn viết về chủ đề tình yêu tuổi học trò, về những năm tháng thanh xuân tươi đẹp ấy vô tình để lỡ mất nhau. Những cô cậu học trò năm ấy, hồn nhiên, trong sáng, yêu những điều dù vụn vặt, dù nhỏ bé, một cái kẹo chanh, một que kem mát lạnh cũng đủ để những áp lực học tập, thi cử tiêu tan, một chiếc bánh mì hoa cúc nhỏ bé nhưng gói ghém trong đó là sự mong chờ mỗi sáng, là sự rung động mong manh của cô thiếu nữ đầu đời.\r\n\r\nSẽ rất buồn nếu như người mình thích không thích mình, nhưng còn buồn nhiều hơn như thế rất nhiều, khi người mình thích đã - từng – thích – mình, mà mình lại không hề hay biết. Tớ thực sự rất muốn quay lại những năm tháng ấy một lần, xem tại sao năm ấy lại không nhận ra cậu cũng đã từng thích tớ.\r\n\r\nVà để rồi có đôi lúc “nhìn bạn ấy, tôi bất giác cho tay vào túi áo. Cảm tưởng như túi áo sâu vô tận, đủ để cất vừa thanh xuân của hai con người vào trong đó. Hai mảnh tuổi trẻ để cạnh nhau, nhìn về hai phía ngược nhau rồi thương thầm người sau lưng mình”. Thanh xuân vốn dĩ là để luyến tiếc, đúng mà, bởi vì nó đẹp quá, nó nhiệt huyết quá mà đôi khi trải qua nó rồi, chúng ta vẫn luôn nuôi tham vọng muốn trở về.', 'van-hoc-chung-minh-se-lai-binh-yen.jpg', 45, 1, NULL, NULL),
('MS016', 'ML002', 'CÔ GÁI VĂN CHƯƠNG VÀ TUYỂN TẬP TÌNH YÊU - TẬP 2', 79000, 63200, 0, 0, 'Cô Gái Văn Chương Và Tuyển Tập Tình Yêu - Tập 2\r\n\r\nCô gái văn chương là một series light novel nổi tiếng của nữ tác giả Nomura Mizuki, một trong những hiện tượng light novel đuợc nhắc đến nhiều nhất tại Nhật Bản cũng như trên thế giới. Lượng tiêu thụ của bộ sách này lên tới vài triệu bản, những diễn đàn và cộng đồng mạng tại Nhật đánh giá nó như là một trong những series hay nhất từ trước đến giờ, đặc biệt là giải thưởng Kono Light Novel ga Sugoi! danh giá của Nhật đã xếp Cô gái văn chương lên vị trí thứ 8 vào năm 2007, thứ 3 vào năm 2008 và thứ nhất vào năm 2009 trong bảng xếp hạng light novel của mình. Amano Tooko – nhân vật chính trong Cô gái văn chương – cũng đã đoạt giải Nhân vật nữ hay nhất của năm 2009. Bộ light novel này đã được chuyển thể thành cả truyện tranh và phim hoạt hình.\r\n\r\n      Amano Tooko, chủ nhiệm câu lạc bộ Văn học, là một “cô gái văn chương” yêu những câu chuyện đến mức muốn-ăn-sạch-chúng. Và Inoue Konoha là học sinh lớp dưới, phụ trách công việc viết “điểm tâm” cho bà chị quái dị này. Hai người đã cùng nhau trải qua nhiều chuyện trong 8 tập chính truyện với rất nhiều tiếng cười xen lẫn nước mắt. Cô gái văn chương và Tuyển tập tình yêu 2 là tập thứ 2 trong 4 tập truyện ngắn về những nhân vật trong Cô gái văn chương. \"Cô gái văn chương và Thi sĩ hét lời yêu thương\" là câu chuyện về Mori, cô bạn thân tốt bụng nhưng lắm chuyện của Nanase, và Sorimachi, chàng trai thầm mang lòng mến Mori. Ngoài ra còn có \"Nhật ký tình yêu của Nanase\", miêu tả tình cảm của Nanase dành cho Konoha, và rất nhiều câu chuyện khác.\r\n\r\nNhân vật chính của tuyển tập lần này sẽ là Nanase và Mori, với những câu chuyện ngọt ngào xen lẫn chút vị đắng, miêu tả những tình cảm bí mật không được nói đến trong phần chính truyện~ ♥\r\n\r\n \r\n\r\nMục Lục\r\n\r\nLời cằn nhằn của Mori\r\n\r\n “Cô gái văn chương” và Thi sĩ hét lời yêu thương\r\n\r\nĐiểm tâm của \"cô gái văn chương\" ~ Lolita ~\r\n\r\n“Cô gái văn chương” và Thi sĩ muốn hôn môi\r\n\r\nĐiểm tâm của \"cô gái văn chương\" ~ Phòng học biết bay ~\r\n\r\nNhật ký tình yêu của Nanase\r\n\r\n        Phần 1: Tâm nguyện duy nhất\r\n\r\n        Phần 2: Nội tâm đáng ghét\r\n\r\n        Phần 3: Ngày mai, nhất định...\r\n\r\n“Cô gái văn chương” và Thi sĩ bị vấy bẩn\r\n\r\nĐiểm tâm của \"cô gái văn chương\" ~ Chiếc thìa bạc ~\r\n\r\n“Cô gái văn chương” và Lời chúc phúc của thi sĩ\r\n\r\nNhật ký tình yêu của Nanase  Đặc biệt\r\n\r\n \r\n\r\nGiới thiệu tác giả\r\n\r\nNomura Mizuki\r\n\r\nCô sinh ra và lớn lên tại tỉnh Fukushima, một tỉnh nằm ở phía đông bắc Nhật Bản được mệnh danh là “Vương quốc của những bài hợp xướng”. Từ khi còn nhỏ, cô đã rất yêu thích sáng tác truyện, ước mơ của cô là trở thành môt nhà văn.\r\n\r\nVới tác phẩm đầu tay “Tiếng ca tại sân bóng bàn trên đỉnh Akagi”, cô đã đoạt giải nhất dành cho hạng mục tiểu thuyết của giải thưởng Entame lần thứ 3 do Famitsu Entertainment tổ chức. Sở thích của cô là sáng ngủ, chiều ngủ, tối ngủ, nói chung là tất cả những gì liên quan tới ngủ. Những tác phẩm đã được xuất bản của cô là loạt truyện “Sân bóng bàn”, “Bad! Daddy” và “Tình yêu thỏ bông”.\r\n\r\nTrích dẫn\r\n\r\n- Ôi, thơ của Heine tựa như những chiếc bánh ngọt dành cho người lớn chen đầy hoa quả sấy! Nho khô! Vỏ cam! Quả vả sấy! Hồ đào! Anh đào! Mận khô! Vị ngọt đậm đà hòa quyện trong lớp vỏ mộc mạc, mang tới cho đầu lưỡi cảm giác kích thích mãnh liệt.\r\n\r\nChỉ một miếng nhỏ thôi cũng đủ để khiến dạ dày thỏa mãn, kèm theo đó là một hớp rượu Tây thấm đẫm vị hoa quả khô khiến cho toàn bộ cơ thể và linh hồn trở nên ấm áp.\r\n\r\nCả Nàng Lorelei và Mặt trời lặn đều rất lãng mạn và xinh đẹp, nhưng chị vẫn khuyến khích em trước tiên hãy đọc Trên đôi cánh của lời ca, đó đúng là một kiệt tác. Bài thơ này còn được Mendelssohn phổ nhạc đấy!\r\n\r\nMặc kệ tôi ngây ra như phỗng, chị Amano bắt đầu ngâm xướng với vẻ say mê.\r\n\r\n \r\n', 'van-hoc-co-gai-van-chuong.jpg', 15, 1, NULL, NULL),
('MS014', 'ML002', 'CẢ MỘT ĐỜI QUÁ DÀI - CỚ SAO PHẢI TẠM BỢ', 89000, 71200, 0, 1, 'Cả Một Đời Quá Dài - Cớ Sao Phải Tạm Bợ\r\n\r\nNhân gian có hai thứ mà người đời chẳng cách nào kháng cự:\r\n\r\nMột là bệnh, hai là tình. Đôi khi hai thứ này nhập làm một, người ta gọi là bệnh tương tư.\r\n\r\nYêu là khổ, nhưng yêu một người chưa từng vì mình mà dừng bước  còn khổ hơn. Vì mọi nỗ lực để tới gần người ta đều là vô ích, chỉ có mình bạn trả giá, mình bạn cảm động. Khi muốn tin rằng đợi chờ tình yêu là xứng đáng thì trong lòng vẫn còn hoài nghi: rốt cuộc phải đợi người đến bao giờ?\r\n\r\nTương tư như vị thuốc đắng, thế nhưng dù có là độc dược cũng chẳng ai kiềm chế được ý muốn của con tim. Yêu là yêu thế thôi, như con suối nhỏ chảy xuôi, hồn nhiên đợi đá mềm. Đời người rất dài, ai biết ngày sau là mưa hay nắng nên lo gì chuyện tâm ý một người không thay đổi. Ngày mai thức dậy, biết đâu là ngày chân tình được hồi đáp bằng chân tình.\r\n\r\n“Cả một đời quá dài”, không ai biết điều gì đang chờ đợi ở phía trước nên nếu đã yêu thì hãy cứ yêu thôi. Một đời có mấy lần gặp gỡ mà đành lòng bỏ lỡ nhau? Biết đâu, ông trời không phụ lòng người, tình yêu sẽ mỉm cười vào một sớm mai bất ngờ?\r\n\r\n“Cả một đời quá dài”, là cuốn sách đầu tay của chàng trai tên Leo được viết ra với những tâm sự rất thật về chuyện tương tư cùng cuộc sống lãng mạn lẫn đâu đó chút cô đơn của người trẻ.\r\n\r\n“Cả một đời quá dài”, là cuốn sách mà Deepbooks thân tặng những trái tim đang yêu đơn phương khi mùa thu đang về, những xúc cảm lại trào dâng mạnh mẽ.  Hy vọng khi bạn khép lại cuốn sách này trên tay, bạn sẽ có thêm động lực để tiếp tục tình yêu của chính mình.\r\n\r\nChúc bạn:\r\n\r\n“Một đời tương tư chân thành, không tạm bợ. Một lòng yêu thương oanh liệt đổi một đời cùng hạnh phúc ấm êm.”', 'van-hoc-ca-mot-doi-qua-dai.jpg', 14, 1, NULL, NULL),
('MS013', 'ML002', 'HARPOCRATES VÀ BÔNG HỒNG PHÍA TRÊN THÀNH PHỐ', 89000, 66750, 0, 0, 'Harpocrates Và Bông Hồng Phía Trên Thành Phố\r\n\r\nHarpocrates và bông hồng phía trên thành phố là cuốn sách thứ 2 và là tập truyện ngắn đầu tay của Mai Chi, viết về những người người có một hoặc hơn một bí mật chôn sâu giấu chặt, mà đôi khi, việc nói ra là quá khó khăn.\r\n\r\nTập sách chỉ vỏn vẹn 9 câu chuyện, không nhiều nhưng vừa vặn “đủ” cho bất cứ một ai đã từng hoặc vẫn đang cất giấu một bí mật trong lòng. Nhìn sâu vào những nhân vật trong tập sách, đâu đó, người ta có thể thấy dáng hình của chính mình.\r\n\r\nĐó là Di và Thụ - hai con người vùng vẫy giữa cô đơn ở chốn thành phố ồn tạp, xa hoa sáng rực. Đó là Kha Vân và cuộc gặp gỡ bất ngờ với mối tình đầu thời niên thiếu giữa New York rộng lớn. Đó Linh và cuộc “rượt đuổi” với Nguyên từ Việt Nam qua Anh và số phận thì trêu đùa một lần nữa trên đại lộ lạnh giá của quận Tám nước Pháp. Đó là bà chủ tiệm bánh “có hơi quá nhiều bí mật so với những gì một người đàn ông có thể chấp nhận” hay Nancy với câu chuyện tình yêu lấp lánh những dải đèn phía bờ Sainte - Maxime. Đó là Lam và Đan cùng những mã “code” tưởng rằng thân thuộc như da thịt nhưng vẫn hàm chứa biết bao câu hỏi không biết cất lời bằng cách nào...\r\n\r\nNhư những lát cắt mỏng tinh tế, Mai Chi chọn cách kể lại tất cả những gì diễn ra ở một ô cửa sổ chung cư, một tiệm bánh ngoài phố hay một khoảng ban công trên cao, một phòng chiếu phim cũ kĩ... Giống như một người thợ ảnh cần mẫn, trung thực tráng một lớp thuốc lên tấm phim cuộc đời. Không màu mè, không cầu kỳ. Tất thảy đều là sự thực lặng im.\r\n\r\nMai Chi là một cô gái nhỏ bé. Nhưng những gì cô ấy viết ra, lại đủ sức lấp đầy khoảng trống mênh mông trong tim mỗi người :\r\n\r\n“Hàng trăm ô cửa kính. Đó là bộ mặt của thành phố lớn, cái cách mà ngay cả khi đang ở trong không gian riêng tư của mình, ta vẫn bị đặt dưới sự giám sát của hàng triệu con mắt khác. Khi tháo giày ra khỏi đôi chân bị o ép suốt ngày dài, quăng quần áo tứ tung giải thoát cho cơ thể quen phải luồn cúi hơn tám tiếng, nhét đồ vào tủ lạnh, bỏ đồ ra khỏi ngăn đá cho rã đông, nấu nướng, giặt giũ, dọn dẹp, ném mình lên giường, tìm kiếm chút gì để bỏ vào bụng giữa đêm, bước lên máy chạy lúc ba giờ sáng vì mất ngủ, tỉnh giấc để tiếp tục vòng xoay. Tất cả mọi việc đều có thể được ghi nhận bởi một đôi mắt xa lạ. Một bể cá thành thị khổng lồ, mà trong đó ta có thể vừa đóng vai con cá vừa đóng vai người quan sát, như trong tranh của Edward Hooper. Vừa cô lập vừa phơi bày.”\r\n\r\nNếu bạn yêu mến fanpage Life through her fisheye lens với những bài viết, bức ảnh đen trắng ấn tượng, thì Harpocrates và bông hồng phía trên thành phố cũng sẽ khiến trái tim bạn rung lên và đồng cảm sâu sắc.\r\n\r\nAi cũng có một bí mật, nhưng nếu bạn đủ lòng tin vào trái tim của người, thì đừng giữ mãi những điều nặng trĩu cho riêng mình.\r\n\r\nVà bông hồng thắm đỏ của bạn, chắc chắn là xứng đáng được trao đi...\r\n\r\nP.s: Tất cả những câu chuyện trong cuốn sách này đều có thật.', 'van-hoc-bong-hong.jpg', 30, 1, NULL, NULL),
('MS012', 'ML002', 'THỜI NIÊN THIẾU CỦA ANH VÀ EM', 120000, 96000, 0, 1, 'Thời Niên Thiếu Của Anh Và Em\r\n\r\nLà ai đã từng cầm nhành cây viết tên mình dưới nắng hè chói chang rực rỡ, nói với cậu thiếu niên đó tên mình có nghĩa là, trái tim này vẫn luôn ở đây;\r\n\r\nLà ai đã từng dùng ánh mắt trong veo quá đỗi dụ dỗ cô đọc thuộc tên mình, dùng đầu lưỡi trao viên kẹo chua chua ngọt ngọt từ miệng mình sang miệng cô;\r\n\r\nLà ai đã từng kéo cô chạy như bay trong khu xưởng bỏ hoang, ngắm nhìn phép thuật thắp lên hàng ngàn ánh đèn từ những ô cửa của những ngôi nhà xung quanh;\r\n\r\nLà ai đã từng lao lên bậc thang chạy dọc theo sân khấu ngoài trời dưới cơn mưa tầm tã, đôi bàn tay nắm chặt của đôi trẻ lơ lửng giữa không trung.\r\n\r\nVà, ai đã tỉnh lại từ trong hồi ức thanh xuân, phát hiện bản thân đang ngồi bên ô cửa sổ trên chuyến xe lửa đang chầm chậm lăn bánh rời ga;\r\n\r\nLà ai trong khoang tàu ồn ào huyên náo toàn mùi mì ăn liền, nhìn ra ngoài cửa sổ mải miết nhìn ngắm những cánh đồng hoang vắng lướt qua vùn vụt và vầng mặt trời đỏ rực như lòng đỏ trứng, nhớ đến Darwin, nhớ đến đề thi môn Sinh học, nhớ đến cá hề, hải quỳ và địa y\r\n\r\nNhớ đến —\r\n\r\ncộng sinh, là mối quan hệ giữa hai loài sinh vật sống dựa vào nhau, đôi bên cùng có lợi, nếu một trong hai loài mất đi, sẽ ảnh hưởng rất lớn đến cuộc sống của loài còn lại, thậm chí là chết.\r\n\r\nBắc Dã và Trần Niệm chính là hai con người như vậy.\r\n\r\nBắc Dã – một tên đầu gấu, bất hảo chẳng có chút tương lai nào. Bố là tội phám cưỡng hiếp. Mẹ là gái điếm.\r\n\r\nTrần Niệm – một cô học sinh giỏi, nhà lành, ngoan ngoãn với một tương lai sáng lạng đang chờ ở phía trước.\r\n\r\nVậy điểm gì đưa họ đến với nhau?\r\n\r\nHai con người gần như chẳng có sự tương đồng nào, cũng chẳng lấy nổi mộ điểm giao thoa trong cuộc sống nhưng cứ như vậy gắn kết với nhau bởi một từ “ cô đơn”. Họ đều là những đứa trẻ đang lớn nhưng lại cô đơn đến lạc lõng trong cuộc đời này. Người thì bị xã hội khinh miệt, ghẻ lạnh; người thì dường như bị lãng quên bởi lòng người ích kỷ.\r\n\r\nCửu Nguyệt Hi đã thành công khắc họa nên cho chúng ta thấy một xã hội thật sự chứ không còn là ngôn tình, cổ tích như những câu chuyện ai ai cũng từng đọc nữa. Là những bất công, ích kỉ của con người với con người. Những kẻ lạnh lùng, máu lạnh sống bầy đàn chỉ vì một chút sai lầm liền đẩy bạn mình vào con đường xấu xí. Sự lạnh lẽo của lòng người, bủa vây của chúng bạn hay thơ ơ, lạnh nhạt của giáo viên đang – đã – sẽ giết chết tuổi thanh xuân của một cô gái. Có lẽ sau màu sắc xanh tươi của thanh xuân đó ta biết rằng còn một khoảng tối đen của những cô bé, cậu bé đang hằng ngày bị bắt nạt, dè bỉu, tổn thương bởi bạo lực học đường từ chính bạn bè lẫn sự vô cảm của thầy cô.\r\n\r\n“ Thời niên thiếu của anh và em” chính là bức tranh khắc họa mảng tối của những câu chuyện học được mà ta chưa biết tới cũng như hằng ngày rất nhiều người phải đối mặt. Là tình bạn, tình yêu, là sự chia sẻ, bảo bọc của Bắc Dã đối với Trần Niệm. Là những đau đớn cả về thể xác lẫn tinh thần mà hai cô cậu bé phải trải qua mà chẳng ai ngờ tới. Cũng là lời cảnh tỉnh cho những bậc cha mẹ, thầy cô của xã hội hiện tại bây giờ trước khi quá muộn! ', 'van-hoa-thoi-nien-thieu-cua-anh-va-em.jpg', 23, 1, NULL, NULL),
('MS010', 'ML001', 'THÁM TỬ LỪNG DANH CONAN - TẬP 95', 20000, 0, 0, 1, 'Tạm thời trở lại là “Shinichi”, Conan cùng Ran và các bạn tham gia chuyến du lịch ngoại khóa tới Kyoto!\r\n... Nhưng một loạt án mạng đã liên tiếp xảy ra!?\r\nVà bí ẩn lớn nhất của “Thám tử lừng danh Conan”, danh tính Boss của “Tổ chức Áo Đen” sắp được tiết lộ!?', 'thieu-nhi-tham-tu-lung-danh-co-nan.jpg', 37, 1, NULL, NULL),
('MS011', 'ML001', 'TÔI ĐI HỌC (TÁI BẢN 2018)', 56000, 45360, 1, 1, 'Cuốn sách truyền lửa “Tôi Đi Học”\r\n\r\ncủa chàng trai viết bằng chân Nguyễn Ngọc Ký gần nửa thế kỷ ra mắt lại bạn đọc Việt Nam\r\n\r\n \r\n\r\nTự truyện Tôi đi học được Nguyễn Ngọc Ký viết khi bắt đầu quãng đời sinh viên của mình vào tháng 9 năm 1966 tại khoa Ngữ Văn trường Đại học Tổng hợp Hà Nội ở khu sơ tán vùng núi Đại Từ - Thái Nguyên. Trong thời gian hai năm đầu trở thành sinh viên, giữa giảng đường sơ tán khó khăn thiếu thốn trăm bề, vừa tập trung học trong điều kiện mọi việc phải nhờ đến đôi chân, lại liên tục chống đỡ với ghẻ lở, bệnh tật triền miên dưới ánh đèn dầu hằng khuya, Nguyễn Ngọc Ký đã hoàn tất bản thảo vào hè 1968 sau nhiều lần viết đi viết lại, sửa đi sửa lại.\r\n\r\nNăm 1970, ngày sinh viên Nguyễn Ngọc Ký bảo vệ thành công luận văn tốt nghiệp cũng là ngày cuốn sách được ra mắt bạn đọc cả nước với tựa Những năm tháng không quên. Từ đó đến nay đã 45 năm trôi qua, cuốn sách được tái bản nhiều lần không chỉ ở Nhà xuất bản Kim Đồng mà ở nhiều nhà xuất bản khác với tựa mới Tôi đi học.\r\n\r\nKhi đã có một thời gian khá dài sống cùng với Tôi đi học, đã cảm nhận đầy đủ những niềm vui, những tình cảm mà độc giả dành cho mình, trong lần in này, không đơn thuần chỉ là in lại bản trước mà cuốn sách sẽ được làm mới từ hình thức cũng như nội dung; đồng thời sẽ có thêm những điều mà nhà giáo Nguyễn Ngọc Ký muốn gửi gắm: “Với sự hâm mộ của bạn đọc gần xa dành cho quyển sách Tôi đi học, sau 45 năm nhìn lại tôi thấy niềm vui thật lớn, nhưng băn khoăn cũng không phải nhỏ… Với trách nhiệm cùng bạn đọc và giá trị đích thực của chủ đề cuốn sách, lần này khi Trí Việt - Firsts News tái bản và đưa vào tủ sách Hạt giống tâm hồn, tôi quyết định dành thời gian chỉnh sửa lại một số chi tiết chưa thật hợp lý và bổ sung, viết thêm một số chi tiết, tình tiết mà tôi thấy cần thiết. Hy vọng lần tái bản này cuốn sách sẽ đáp ứng trọn vẹn hơn sự mong chờ mê thích của bạn đọc gần xa”.\r\n\r\nCuộc sống luôn có những biến cố, những đổi thay mà chúng ta không bao giờ biết trước. Cũng có những biến cố khiến chúng ta rơi vào ngõ cụt, không lối thoát. Nhưng với Nguyễn Ngọc Ký, biến cố vào năm 4 tuổi, khi phải trải qua một cơn sốt bại liệt, từ đó khiến đôi tay “như hai cục thịt lủng lẳng đeo vào hai bên mình” lại là một sự khởi đầu cho một cuộc đời mới. Và đó cũng là lý do để có tự truyện Tôi đi học, được xem là cuốn sách để đời của Nguyễn Ngọc Ký.\r\n\r\nTHÔNG TIN VỀ NHÀ VĂN, NHÀ GIÁO ƯU TÚ NGUYỄN NGỌC KÝ:\r\nNguyễn Ngọc Ký sinh ngày 28-06-1947 tại Hải Thanh, Hải Hậu, Nam Định. Ông bị liệt đôi tay từ năm 4 tuổi; 7 tuổi đi học dùng chân viết. Hai lần ông được Bác Hồ thưởng huy hiệu vì thành tích vượt khó học giỏi. Năm 1970, ông tốt nghiệp Đại học Tổng hợp, khoa Ngữ Văn, sau đó đi dạy và trở thành Nhà giáo Ưu tú năm 1992, Nhà văn Việt Nam đầu tiên viết bằng chân. \r\nHiện ông đã nghỉ hưu, tuần 3 lần phải chạy thận nhân tạo. Song với nghị lực và sự cố gắng phi thường, ông vẫn miệt mài ngày ngày vừa đi giao lưu với học sinh các trường vừa tiếp khách tư vấn tâm lý, giáo dục qua Tổng đài 1088 và tiếp tục sáng tác tại TP. Hồ Chí Minh. Ông được cố Thủ tướng Phạm Văn Đồng ngợi khen là tấm gương vượt khó tuyệt vời và trở thành huyền thoại sống cho bao thế hệ cắp sách tới trường suốt nửa thế kỷ qua. Tuổi trẻ học đường cả nước 50 năm qua đã biết và coi ông là thần tượng khi được học bài EM KÝ ĐI HỌC (sách Tập đọc lớp 3 từ 1964-1983,) ANH KÝ ĐI HỌC (sách Kể chuyện lớp 4 từ 1983-2000), BÀN CHÂN KỲ DIỆU (sách Tiếng Việt lớp 4 từ 2000 đến nay).\r\nĐến Tôi học đại học (First News xuất bản năm 2013), gia tài sáng tác của Nguyễn Ngọc Ký đã đạt con số 30 đầu sách. Nhiều cuốn đã trở thành sách gối đầu giường của tuổi thơ như Tôi đi học, tuyển tập Câu đó vui tâm đắc. Ông có 3 bài thơ (Nặn đồ chơi, Con đường làng, Em thương) in trong sách giáo khoa tiểu học được nhiều thế hệ học trò thuộc lòng từ tấm bé. Ông 3 lần được tặng giải thưởng trong các cuộc thi sáng tác cho tuổi thơ toàn quốc. Được báo Tuổi Trẻ tặng giải Nhất trong cuộc thi viết về mẹ. \r\nCác tác phẩm của ông luôn thấm đẫm tư tưởng nhân văn và giáo dục sâu sắc. Song cách thể hiện lại rất giản dị, hồn nhiên, dí dỏm, tinh tế, giàu hình ảnh, nhạc điệu và cảm xúc nên được bạn đọc gần xa háo hức đón đọc, được tái bản nhiều lần với số lượng hàng chục ngàn bản.', 'thieu-nhi-toi-di-hoc.jpg', 4, 1, NULL, NULL),
('MS008', 'ML001', 'NARUTO - TẬP 16', 22000, 20240, 0, 0, 'Để bảo vệ những người quan trọng với mình, Naruto đã  dốc  toàn  lực  chống  trả  Gaara!!  Trong  khi  đó, trận tử chiến khốc liệt giữa Orochimaru và Hokage cũng đi tới hồi kết...!! Làng Lá bị tàn phá!! Kết cục thảm hại, nơi đây phải hứng chịu 2 nỗi bất hạnh lớn!!', 'thieu-nhi-naruto.jpg', 30, 1, NULL, NULL),
('MS009', 'ML001', 'NHỮNG CHÀNG TRAI Ở LỘC PHONG QUÁN - TẬP 2\r\n', 39000, 31980, 0, 0, 'Những chàng trai ở Lộc Phong Quán – góc nhỏ thư thái giữa lòng Tokyo bận rộn\r\n\r\nLộc Phong Quán là tiệm cà phê theo phong cách truyền thống nép mình trên một con phố nhỏ ở ngoại thành Tokyo. Khách tới cửa tiệm uống trà sẽ được tận hưởng không gian tĩnh lặng dưới bóng tre xanh hiền hòa cũng như được đón tiếp nồng hậu bởi bốn chàng trai Sui, Tokitaka, Tsubaki và Gure.\r\n\r\nVừa được nhấm nháp trà bánh ngon lành, lại vừa được giãi bày những ưu tư trong lòng... rời khỏi Lộc Phong Quán, mỗi khách hàng đều như được vực lại tinh thần để tiếp tục đương đầu với những khó khăn trong cuộc sống thường nhật. Bằng nét vẽ mượt mà và chau chuốt, cách dẫn truyện khéo léo và nhẹ nhàng, tác giả Shimizu Yuu đã biến Những chàng trai ở Lộc Phong Quán thành một bộ truyện có sức mạnh chữa trị cho tâm hồn.\r\n\r\nTrong tập thứ hai của bộ truyện, bốn chàng trai tài giỏi của chúng ta vẫn tiếp tục chinh phục độc giả bằng những kĩ năng xuất sắc nhất của mình: chế biến những món ăn có sức mạnh xoa dịu những chiếc dạ dày sôi réo, và “quân sư tư vấn tuổi hồng” cho những tâm hồn thổn thức. Những vị khách đến với Lộc Phong Quán lần này bao gồm một ông chú phóng viên hảo ngọt với mặc cảm tuổi trung niên, một thiếu nữ đang gặp rắc rối trong chuyện tình cảm, một anh chàng nhân viên văn phòng không còn mong muốn gì hơn là được ăn một tô udon ú ụ và một gã hành tung bí ẩn nắm trong tay những bí mật về quá khứ của Sui…\r\n\r\nNhẹ nhàng những không kém phần sâu sắc, Những chàng trai ở Lộc Phong Quán dịu dàng vỗ về trái tim độc giả bằng câu chuyện của những con người đang lạc lối trong cuộc sống của chính mình.\r\n\r\nGiữa tiết trời nắng như đổ lửa, tự chiêu đãi bản thân một “chầu” mĩ thực và mĩ nam thì còn gì thú bằng, đúng không nào?', 'thieu-nhi-nhung-chang-trai-o-loc-phong-quan.jpg', 30, 1, NULL, NULL),
('MS002', 'ML001', 'CUỘC PHIÊU LƯU CỦA CROKET - TẬP 7', 20000, 19000, 0, 0, 'Cuộc Phiêu Lưu Của Croket - Tập 7\r\n\r\nTrong đại hội “Tuyển tân quốc vương”, nhóm bạn đã bị đội Karasumi dẫn trước với tỉ số 2 thắng 1 bại. Trận đấu tiếp theo, Croket phải đối mặt với Fondebua, người đã trở thành một trong Tứ trụ quái nhân vì bị mất trí nhớ. Cả hai cùng dùng tuyệt chiêu “Hămbơgơ”, không biết ai sẽ giành chiến thắng.', 'thieu-nhi-cuoc-phieu-luu-cua-croket.jpg', 20, 1, NULL, NULL),
('MS003', 'ML001', 'GASH - CẬU BÉ VÀNG - TẬP 5', 36000, 32400, 0, 1, 'Trận chiến khốc liệt giữa các quái vật đã đi được phân nửa chặng đường. Trong số 40 quái vật còn sót lại, để tiến về phía trước, Kiyomaro và Gash đã chuẩn bị tinh thần đối đầu với những kẻ địch hùng mạnh hơn! Nghe được tin đồn về họ, quái vật Barry đã cất công đến Nhật Bản. Trước sức mạnh áp đảo của đối thủ, Kiyomaro và Gash bắt buộc phải mạnh lên sau những trận khổ chiến. Để gần hơn với mục tiêu trở thành “Vị vua nhân từ”, cả hai đã hứa với nhau sẽ cùng vượt qua mọi thử thách, thế nhưng…!? “Ý nghĩa chiến đấu” mà mỗi quái vật rút ra trên chặng đường trở thành tân vương là gì!? Chỉ biết rằng, những cuộc đụng độ mới chắc chắn sẽ giúp Gash trưởng thành hơn.\r\n\r\nMAKOTO RAIKU\r\n\r\nQuê ở tỉnh Gifu. Năm 1991 ra mắt tác phẩm đầu tiên mang tên BIRD MAN. Sau đó ghi dấu ấn mạnh mẽ với GASH - CẬU BÉ VÀNG!! Trên tuần san Shonen Sunday (NXB Shogakukan) từ năm 2001, và đây cũng là tác phẩm đạt giải Manga Shogakukan lần thứ 48. Năm 2003, GASH - CẬU BÉ VÀNG!! đã được chuyển thể thành TV Anime. Từ năm 2009 ~ 2013, ông sáng tác series VƯƠNG QUỐC LOÀI VẬT trên một tạp chí Shonen khác. Tác phẩm này cũng được nhận giải thưởng Manga Kodansha.', 'thieu-nhi-gash-cau-be-vang.jpg', 25, 1, NULL, NULL),
('MS004', 'ML001', 'GỬI EM NGƯỜI BẤT TỬ 03', 20000, 19000, 0, 0, 'Một \"thực thể\" bất tử được gửi đến trái đất, có thể bắt chước hình dạng của mọi sinh vật đã chết. Thế rồi, trong khi lần mò tìm hiểu mọi thứ xung quanh mình, \"nó\" tìm thấy một cậu bé... Điều gì sẽ xảy đến với \"nó\", \"nó\" sẽ đối mặt với những trải nghiệm gì, khi mà cuộc đời của \"nó\" kéo dài vĩnh viễn.', 'thieu-nhi-gui-em-nguoi-bat-tu.jpg', 15, 1, NULL, NULL),
('MS005', 'ML001', 'HUYỀN THOẠI ARSLAN - TẬP 3', 20000, 19000, 0, 1, 'Arslan Senki là một câu chuyện mang đậm màu sắc sử thi huyền ảo, kể về chuyến hành trình giành lại quê hương Pars từ tay quân Lustianian của vị hoàng tử trẻ Arslan cùng năm người hầu cận đầy trung kiên: Narsus, Elam, Faragis, Gieve và Daryun. Sáu người họ phải đương đầu với một nhiệm vụ gần như không tưởng – chống lại đạo quân hàng chục nghìn chiến binh thiện nghệ từ Lusitanian để vực lại bờ cõi nước nhà. Arslan Senki không chỉ là câu chuyện, đó còn là bản hùng ca về những con người đã xây dựng nên một thiên niên sử bất khuất nơi bờ cõi xứ người năm ấy.', 'thieu-nhi-huyen-thoai-arslan.jpg', 16, 1, NULL, NULL),
('MS006', 'ML001', 'JIN - TẬP 4', 35000, 32500, 0, 0, 'Minakata Jin, bác sĩ khoa Ngoại Thần kinh thời hiện đại, trong lúc đang làm phẫu thuật cấp cứu cho bệnh nhân bị thương ở đầu, đã phát hiện ra một khối u não có hình dạng bào thai và đã lấy nó ra. Sau khi phẫu thuật, Jin nghe một giọng nói kỳ lạ thì thầm với anh: “Trả tôi về chỗ cũ đi”. Thêm vào đó, bệnh nhân được anh phẫu thuật có ý định bỏ chạy. Trong lúc giằng co với bệnh nhân đó, Jin bị cuốn về cuối thời kỳ Mạc phủ. Là một bác sĩ thời hiện đại cùng với dụng cụ y khoa hiện đại, liệu y thuật của Jin có được chấp nhận ở cuối thời kỳ Mạc phủ hay không?', 'thieu-nhi-jin.jpg', 21, 1, NULL, NULL),
('MS007', 'ML001', 'LỚP HỌC MẬT NGỮ - TUYỂN TẬP ĐẶC BIỆT VOL.2', 90000, 77400, 0, 0, 'Nhân ngày Quốc tế phụ nữ 8/3, nhóm tác giả B.R.O của bộ truyện tranh Lớp Học Mật Ngữ dành tặng bạn món quà ý nghĩa mang tên Lớp Học Mật Ngữ tuyển tập đặc biệt Vol.2. Với bìa truyện xinh như một đóa hồng, bạn có thể dùng làm quà tặng những cô bạn mình yêu quý, hay tặng cho chính mình nha!\r\n\r\n“Đập hộp” Lớp Học Mật Ngữ tuyển tập Vol.2\r\n\r\nBên cạnh 300 trang tổng hợp những tập truyện tranh Lớp Học Mật Ngữ hay nhất và ngoại truyện mới tịch tình tinh về trải nghiệm của 12 chòm sao trong ngày Quốc tế phụ nữ, thì tuyển tập Vol.2 này còn có vô vàn những thứ hay ho khác.\r\n\r\nTin “cảnh báo bão”\r\n\r\nBạn biết không, cuốn tuyển tập Vol.1 của Lớp Học Mật Ngữ đã bán hết veo veo. Ngay trong và sau Tết nhiều phụ huynh lì xì cho con tuyển tập mới toe này, các bạn thích mê li! Đây cũng là cuốn truyện tranh mà ai nhìn thấy, từ ông bà cô dì chú bác đến các bạn nhỏ, đều “đổ cái rầm” vì quá đẹp-xịn-mịn. Căng đét từ ngoài trong! Bìa trước - sau đẹp long lanh, chất giấy dày dặn, cầm sướng cả tay, không hề thua kém gì sách nước ngoài.', 'thieu-nhi-lop-hoc-mat-ngu.jpg', 28, 1, NULL, NULL),
('MS001', 'ML001', 'CHUYỆN CON MÈO DẠY HẢI ÂU BAY (TÁI BẢN 2019)', 49000, 39200, 0, 0, 'Cô hải âu Kengah bị nhấn chìm trong váng dầu – thứ chất thải nguy hiểm mà những con người xấu xa bí mật đổ ra đại dương. Với nỗ lực đầy tuyệt vọng, cô bay vào bến cảng Hamburg và rơi xuống ban công của con mèo mun, to đùng, mập ú Zorba. Trong phút cuối cuộc đời, cô sinh ra một quả trứng và con mèo mun hứa với cô sẽ thực hiện ba lời hứa chừng như không tưởng với loài mèo:\r\n\r\nKhông ăn quả trứng.\r\nChăm sóc cho tới khi nó nở.\r\nDạy cho con hải âu bay.\r\n\r\nLời hứa của một con mèo cũng là trách nhiệm của toàn bộ mèo trên bến cảng, bởi vậy bè bạn của Zorba bao gồm ngài mèo Đại Tá đầy uy tín, mèo Secretario nhanh nhảu, mèo Einstein uyên bác, mèo Bốn Biển đầy kinh nghiệm đã chung sức giúp nó hoàn thành trách nhiệm. Tuy nhiên, việc chăm sóc, dạy dỗ một con hải âu đâu phải chuyện đùa, sẽ có hàng trăm rắc rối nảy sinh và cần có những kế hoạch đầy linh hoạt được bàn bạc kỹ càng…\r\n\r\nChuyện con mèo dạy hải âu bay là kiệt tác dành cho thiếu nhi của nhà văn Chi Lê nổi tiếng Luis Sepúlveda – tác giả của cuốn Lão già mê đọc truyện tình đã bán được 18 triệu bản khắp thế giới. Tác phẩm không chỉ là một câu chuyện ấm áp, trong sáng, dễ thương về loài vật mà còn chuyển tải thông điệp về trách nhiệm với môi trường, về sự sẻ chia và yêu thương cũng như ý nghĩa của những nỗ lực – “Chỉ những kẻ dám mới có thể bay”.\r\n\r\nCuốn sách mở đầu cho mùa hè với minh họa dễ thương, hài hước là món quà dành cho mọi trẻ em và người lớn', 'thieu-nhi-chuyen-con-meo-day-hai-au-bay.jpg', 12, 1, NULL, NULL),
('MS062', 'ML006', 'DẠY CON LÀM GIÀU 05 - ĐỂ CÓ SỨC MẠNH VỀ TÀI CHÍNH', 130000, 91000, 0, 0, 'Dạy Con Làm Giàu 05 - Để Có Sức Mạnh Về Tài Chính\r\n\r\nQuyển sách giúp các bậc cha mẹ nhận ra những thay đổi hàng ngày và có cách nhìn mới để dạy con những kiến thức về tài chính, về cuộc sống để chúng thành công và giàu có khi chúng bước vào đời.\r\n\r\nBên cạnh những kiến thức tiếp thu được ở nhà trường của con cái thì các bậc cha mẹ cần tích cực trạng bị cho chúng những kiến thức cần thiết nhưng còn khuyết để chúng khởi đầu thuận lợi về mặt tài chính, để giúp chúng không sao lãng việc học, để phát hiện và phát huy tài năng của chúng để xây dựng chúng thành những người học suốt đời…\r\n\r\nCó được như vậy, con chúng ta mới có thể thích nghi tốt với môi trường thay đổi chóng mặt của thời đại Công nghệ – Thông tin. Và quan trọng nhất là con chúng ta có thể trở thành những người giàu có bằng chính tài năng của chúng, ngay cả khi bố mẹ chúng không giàu.', 'kinh-te-day-con-lam-giau.jpg', 15, 1, NULL, NULL),
('MS063', 'ML006', 'DỐC HẾT TRÁI TIM (TÁI BẢN 2018)', 150000, 123000, 0, 1, 'Dốc Hết Trái Tim (Tái Bản 2018)\r\n\r\nDốc hết trái tim là một quyển sách hay dành cho doanh nhân và mọi giám đốc hay lãnh đạo công ty. Tác giả đồng thời là người sáng lập của thương hiệu Starbucks, chia sẻ câu chuyện đầy cảm hứng về cuộc đời của ông từ khi còn đi học đến khi trở thành CEO của một thương hiệu nổi tiếng trên toàn thế giới. Độc giả sẽ tìm thấy nơi đây bài học về quản trị rất tuyệt vời, mà giá trị của nó vẫn còn vững vàng trong hiện tại. Những kinh nghiệm của tác giả về xây dựng một công ty có trách nhiệm xã hội đối với nhân viên, với cộng đồng và đối với môi trường sẽ cuốn hút lan truyền cảm hứng đến độc giả để họ áp dụng nó vào cuộc sống và công việc kinh doanh của mình.\r\n\r\nThành công của Công ty Cà phê Starbucks là một trong những câu chuyện kỳ diệu nhất về kinh doanh trong suốt nhiều thập kỷ. Một cửa hàng nhỏ ven sông ở Seattle rốt cuộc lại lớn mạnh và phát triển nên hơn một ngàn sáu trăm cửa hàng trên khắp thế giới và mỗi ngày lại có thêm một cửa hàng mới mọc lên. Tuyệt vời hơn cả, Starbucks đã thành công trong việc giữ vững cam kết về chất lượng sản phẩm ưu việt và mang lại những gì tốt đẹp nhất cho nhân viên của mình.\r\n\r\nTrong Dốc hết trái tim, CEO Howard Schultz chỉ ra các nguyên tắc định hình nên hiện tượng Starbucks, chia sẻ những tri thức mà ông đúc kết được từ cuộc hành trình biến cà phê ngon thành một phần tất yếu của trải nghiệm Mỹ. Các nhà tiếp thị, các nhà quản lý, và các doanh nhân sẽ khám phá ra cách biến lòng đam mê thành lợi nhuận trong cuốn biên niên ký của một công ty \"đã làm thay đổi mọi thứ... từ khẩu vị của chúng ta, ngôn ngữ của chúng ta cho đến bộ mặt của toàn khu Main Street\".', 'kinh-te-doc-het-trai-tim.jpg', 56, 1, NULL, NULL),
('MS064', 'ML006', 'HIỆU ỨNG CHIM MỒI (TẬP 1)', 75000, 60000, 0, 0, 'Thông thường, khi mua hàng ở một số trang thương mại điện tử, ta thường rất khó phát hiện ô điền mã khuyến mãi trong quá trình mua hàng. Thậm chí, ở trang chuyên bán các sản phẩm tên miền, máy chủ Godaddy, nơi điền mã khuyến mãi được “ngụy trang” chỉ bằng dòng chữ “Have a promo code?” Tại sao Godaddy phải làm như vậy, khi mà họ luôn có các chương trình khuyến mãi hàng tuần?\r\n\r\nThuyết so sánh xã hội (Social comparison theory) của Festinger (1954) và nghiên cứu về công bằng giá của nhóm tác giả Xia, Monroe và Cox (2004) là nguyên nhân của hiện tượng này.\r\n\r\nTheo các nhà tâm lý học trên, con người luôn có xu hướng so sánh bản thân mình với người khác, trong trường hợp này là so sánh giá mình phải trả với các khách hàng khác. Theo nhóm nghiên cứu của Xia, ngoài việc xem xét mối thân tình giữa mình và công ty, cũng như tính toán mức chi phí thực của sản phẩm, thì người tiêu dùng còn tự suy đoán xem liệu mức giá mình phải trả so với những người khác có công bằng hay không. Nếu họ cho rằng mình phải trả mức giá bất công, họ có thể ngừng mua hoặc thậm chí nói xấu công ty với bạn bè!\r\n\r\nNhư đã trình bày ở trên, khách hàng luôn so sánh mức giá bản thân mình phải trả với người khác. Một trong những cơ sở để họ lấy thông tin chính là ô điền mã giảm giá.\r\n\r\nKhi thấy ô điền mã giảm giá, khách hàng sẽ nhận ra rằng hiện đang có chính sách giảm giá và hoặc là mình không biết, hoặc là mình không nằm trong nhóm được giảm giá. Điều này khiến họ (1) ngưng mua và quay lại tìm thông tin giảm giá, và/hoặc (2) ngưng mua và tìm thông tin về đối tượng được giảm giá. Nếu phát hiện ra rằng mình không được giảm (hoặc tệ hơn là vừa mới có chương trình giảm giá xong), họ hẳn sẽ chẳng vui! Mà dù chuyện gì có xảy ra, thì ta cũng đã khiến họ đi lệch khỏi điều mà họ vốn đã định làm: đặt hàng!\r\n\r\nNhư vậy, cho khách hàng dễ thấy ô điền mã khuyến mãi đồng nghĩa với việc kích thích thói quen so sánh của khách hàng trong lúc mà lẽ ra họ đã đặt hàng xong rồi!', 'kinh-te-hieu-ung-chim-moi.jpg', 45, 1, NULL, NULL),
('MS065', 'ML006', 'LỢI THẾ - MÔ HÌNH 4 NGUYÊN TẮC XÂY DỰNG MỘT TỔ CHỨC GẮN KẾT', 89000, 69420, 0, 0, 'Trong môi trường kinh doanh năng động hiện nay, sự phát triển của một doanh nghiệp luôn gắn liền với việc đồng thuận của mọi người trong công ty từ lãnh đạo đến nhân viên. Vậy làm thế nào để có sự gắn kết này? Làm cách nào để 1 tổ chức vượt qua được gắn kết đơn lẻ với từng các nhân để tạo ra một văn hóa công ty gắn kết chặt chẽ? Và tại sao lãnh đạo và nhân viên đều quan tâm đến sự gắn kết này?\r\n\r\nLí do vô cùng đơn giản là mức quan tâm của nhân viên càng cao thì khả năng thôi việc của nhân viên càng giảm. Môi trường làm việc có những nhân viên nhiệt huyết năng suất công việc sẽ hơn.\r\n\r\nCuốn Lợi Thế của tác giả Patrick Lencion sẽ là kim chỉ nam cho một tổ chức “khỏe mạnh”, sẽ giúp tổ chức của bạn có môi trường làm việc mang tính gắn kết chặt chẽ.', 'kinh-te-loi-the.jpg', 35, 1, NULL, NULL),
('MS066', 'ML006', 'NGUYÊN TẮC THIẾT KẾ SLIDE CHUẨN TED', 65000, 51350, 0, 0, 'Người ta lựa chọn sử dụng slide để khiến thông điệp của họ trở nên dễ hiểu hơn, khiến thông điệp của mình dễ dàng được tiếp nhận và trở nên thú vị hơn.\r\n\r\nĐó chính là yếu tố mấu chốt đầu tiên bạn có thể rút ra từ cuốn sách này. Mỗi khi thiết kế slide, hãy tự hỏi bản thân:\r\n\r\nTôi đang tạo ra slide này để giúp khán giả hay bản thân mình?\r\n\r\nThay vì bấu víu vào slide như một chỗ dựa và sử dụng theo kiểu giấy ghi chép cỡ lớn để có thể nhớ những điều cần nói, những diễn giả tài ba trên sân khấu TED sử dụng slide để giúp khán giả, chứ không phải bản thân họ. Bạn có muốn biết bí quyết thiết kế slide đằng sau những bài diễn thuyết nổi tiếng khắp thế giới này không?\r\n\r\nNguyên tắc thiết kế slide chuẩn TED không phải là sách vỡ lòng đầy đủ về việc thiết kế bài thuyết trình. Tuy nhiên, nó bao quát tất thảy các yếu tố cần thiết. Nguyên tắc thiết kế slide chuẩn TED được viết rất cô đọng phù hợp cho những người không muốn lãng phí thời gian vào những điều vô bổ. Trong cuốn sách này, bạn sẽ tìm thấy các ví dụ về những slide hấp dẫn từ các bài TED talk ấn tượng, cùng với đó là những nguyên tắc thiết thực mà bạn có thể vận dụng để khiến bài thuyết trình của mình trở nên sống động.\r\n\r\nDẫu nó không phải là sách vỡ lòng đầy đủ về việc thiết kế slide, nhưng nếu thực hiện đầy đủ các nguyên tắc trong sách, bạn cũng sẽ khiến bài thuyết trình của mình tốt hơn 90% số diễn giả – nói cách khác – bài của bạn sẽ nằm trong top 10% bài thuyết trình chất lượng nhất.\r\n\r\nNhư vậy là đủ để tạo ra những bài thuyết trình ấn tượng thay vì những gạch đầu dòng nhàm chán rồi.\r\n\r\nCẤU TRÚC CỦA CUỐN SÁCH NÀY\r\n\r\nCuốn sách này được chia làm ba phần. Phần đầu tiên bàn luận ngắn gọn về thông điệp trong bài thuyết trình vì dẫu bạn thiết kế slide thuyết trình đẹp mắt đến nhường nào, nhưng nếu thông điệp dở tệ, bài thuyết trình của bạn cũng sẽ cùng chung số phận.\r\n\r\nPhần hai là nội dung chính của cuốn sách này. Bạn sẽ khám phá những nguyên tắc chung về việc thiết kế bài thuyết trình, từ đó có thể vận dụng để tạo ra những slide hiệu quả và hấp dẫn giúp bạn truyền tải thông điệp thay vì khiến chúng trở nên rối rắm.\r\n\r\nCuối cùng, phần ba tập trung vào những nguyên tắc mấu chốt để truyền tải các slide một cách sinh động và cuốn hút.\r\n\r\nTrong cuốn sách này, tác giả đưa ra những hướng dẫn cho phần mềm PowerPoint. Tuy nhiên, ngay cả khi bạn sử dụng phần mềm Keynote hoặc Prezi, các nguyên tắc được trình bày trong cuốn sách này vẫn hoàn toàn có thể áp dụng.\r\n\r\nMỤC LỤC:\r\n\r\nChương 1: Truyền sức sống vào bài thuyết trình thay vì bòn rút nó từ khán giả\r\n\r\nPHẦN 1: THÔNG ĐIỆP CỦA BẠN\r\n\r\nChương 2: Sai lầm phổ biến nhất - và cách để tránh mắc phải\r\n\r\nChương 3: Nguyên tắc này sẽ giúp bạn giỏi hơn 90% các diễn giả khác\r\n\r\nPHẦN 2: SLIDE CỦA BẠN\r\n\r\nChương 4: Bước đầu tiên để tạo ra slide chuẩn Ted\r\n\r\nChương 5: Cách nhanh chóng lên kịch bản hình ảnh cho bài thuyết trình\r\n\r\nChương 6: Slide của Bill Gates: từ nhàm chán tới thu hút\r\n\r\nChương 7: 200 Slide trong 18 phút\r\n\r\nChương 8: Công thức thuyết trình của Seth Godin\r\n\r\nChương 9: Font chữ của bạn có đủ hấp dẫn không?\r\n\r\nChương 10: “Anh bạn, sự tương phản đâu rồi?”\r\n\r\nChương 11: Trình bày dữ liệu mà không gây nhàm chán\r\n\r\nChương 12: Làm bài thuyết trình trở nên hấp dẫn hơn bằng video\r\n\r\nChương 13: “Làm thế nào để mọi thứ nhất quán?”\r\n\r\nPHẦN 3: BÀI THUYẾT TRÌNH CỦA BẠN\r\n\r\nChương 14: Cách chuẩn bị cho bài Ted talk của bạn\r\n\r\nChương 15: Cách trình bày một bài Ted talk hấp dẫn\r\n\r\nChương 16: Tóm lược: Cách tạo ra những slide chuẩn Ted', 'kinh-te-nguyen-tac-thiet-ke-slide-chuan-Teb.jpg', 17, 1, NULL, NULL),
('MS067', 'ML006', 'THIÊN NGA ĐEN', 269000, 161400, 0, 0, 'Thiên Nga Đen\r\n\r\nTrước khi khám phá ra thiên nga đen tồn tại trên đời (ở Úc), người ta vẫn tin rằng tất cả chim thiên nga trên đời đều có màu trắng. Phát hiện bất ngờ này đã thay đổi toàn bộ thế giới quan của nhân loại (về thiên nga).\r\n\r\nChúng ta không biết rất nhiều thứ nhưng lại hành động như thể mình có khả năng dự đoán được mọi điều. Và trong cuốn sách này, tác giả Nassim Nicholas Taleb đã đi sâu vào khai thác những sai lầm của tư tưởng cố hữu ấy. Theo ông, “thiên nga đen” là một biến cố tưởng chừng như không thể xảy ra với ba đặc điểm chính: không thể dự đoán, có tác động nặng nề và sau khi nó xảy ra, người ta lại dựng lên một lời giải thích để khiến nó trở nên ít ngẫu nhiên hơn, dễ dự đoán hơn so với bản chất thật của nó. Thành công đáng kinh ngạc của Facebook có thể được coi là một “thiên nga đen”, việc nước Anh rời khỏi Liên minh châu Âu cũng là một “thiên nga đen”. Thiên nga đen luôn ẩn hiện trong mọi mặt của cuộc sống với những tác động khó lường, theo cả hướng tiêu cực và tích cực.\r\n\r\nTinh tế, táo bạo nhưng không kém phần thú vị, Thiên Nga Đen chắc chắn là cuốn sách không thể bỏ qua cho những ai đam mê hiểu biết. Và cuốn sách này, bản thân nó cũng chính là một thiên nga đen…', 'kinh-te-thien-nga-den.jpg', 40, 1, NULL, NULL);
INSERT INTO `db_sp` (`ma_SP`, `ma_loaiSP`, `tensp`, `giacu`, `giamoi`, `sp_noibat`, `sp_moi`, `mota`, `hinhanh`, `soluong`, `isdelete`, `updated_at`, `created_at`) VALUES
('MS068', 'ML006', 'THUẬT BÁN HÀNG', 54000, 42120, 0, 1, 'Thuật Bán Hàng\r\nTại sao một số nhân viên bán hàng lại dễ kiếm được nhiều tiền hơn, trong thời gian ngắn hơn, từ đó mang về nhiều doanh thu hơn? Tại sao họ thành công hơn, sống sung túc hơn với nhà lầu, xe hơi, quần áo đẹp và sự viên mãn có được từ công việc của mình trong khi đại đa số nhân viên bán hàng đều kém cỏi và không thành công như mong muốn?\r\nTrong cuốn sách hướng dẫn đầy súc tích và hữu dụng này, với 21 bí kíp ngắn gọn, bậc thầy về đào tạo bán hàng, Brian Tracy sẽ trao cho bất cứ ai muốn trở thành một trong những nhân viên bán hàng hàng đầu bí quyết để:\r\n\r\n- Nắm rõ sản phẩm của mình;\r\n\r\n- Phát triển khách hàng tiềm năng;\r\n\r\n- Tạo ra danh tiếng và xây dựng lòng tin;\r\n\r\n- Thấu hiểu 3 bí quyết trong thuyết phục;\r\n\r\n- Vượt qua 6 trở ngại lớn;\r\n\r\n- Chăm sóc khách hàng hậu mãi...  ', 'kinh-te-thuat-ban-hang.jpg', 30, 1, NULL, NULL),
('MS069', 'ML006', 'THUÊ NGOÀI TỪ A ĐẾN Z', 87000, 68730, 0, 0, '“Thuê ngoài là hiện tượng ngày càng gia tăng và chúng ta nên coi hoạt động này là ưu thế đối với nền kinh tế về lâu dài. Đó là phương thức mới của hoạt động thương mại quốc tế.” Gregory Mankiw Cuốn sách này được dành cho ba nhóm đối tượng phải chịu ảnh hưởng lớn nhất của hoạt động thuê ngoài ngoại biên: 1. Các nhà quản lý doanh nghiệp mua và chỉ đạo dịch vụ thuê ngoài: Nếu bạn thuộc nhóm đối tượng này, bạn sẽ biết mình cần những gì để quản lý hoạt động thuê ngoài thành công trong hoạt động “mua hàng” và phương thức hợp tác với các công ty thuê ngoài. 2. Người tìm việc (đặc biệt là những người bị mất việc do thuê ngoài). Bạn sẽ biết cách khởi động sự nghiệp mới và tìm được việc làm trong nền kinh tế toàn cầu mới mẻ ngày nay. 3. Các doanh nhân thuê ngoài. Những ông chủ đầy tham vọng bắt đầu khởi nghiệp kinh doanh sẽ biết được các yếu tố cơ bản để thiết lập công ty chuyên về thuê ngoài (ngày nay được gọi là “outventure.”) Thuê ngoài từ A đến Z sẽ cung cấp giải pháp xử lý nhu cầu của ba nhóm đối tượng trên trong khi vẫn nêu rõ những tranh cãi, bất đồng đang gây ra sức nóng trong cuộc tranh luận về hoạt động thuê ngoài. Chúng tôi sẽ giúp bạn hướng trọng tâm vào các tình huống, thách thức chuyên môn trong lĩnh vực hoạt động của mình. Chúng tôi sẽ giúp những người mua hàng, người bán hàng và các doanh nhân ứng phó với các vấn đề mà họ phải đối mặt mỗi ngày, và việc này sẽ được củng cố thêm nhờ các nguyên lý quản lý hoạt động thuê ngoài, cảm hứng để thành công và các giải pháp tân tiến. Trọng tâm của cuốn sách này là các quy trình mà chúng tôi khuyến khích bạn nên tuân thủ nhằm có được chương trình thuê ngoài thành công. Đây là các phương pháp đã được chứng minh hiệu quả sau quá trình chúng tôi làm tư vấn cho các công ty thuộc nhóm 500 công ty hàng đầu do Fortune bình chọn, cũng như làm tư vấn cho các doanh nhân bắt đầu khởi nghiệp. Chúng tôi nhận thấy các yếu tố thành công này không ngừng đem lại hiệu quả; và trong cuốn sách này, chúng tôi sẽ chia sẻ với bạn cách thức điều chỉnh các phương pháp này sao cho phù hợp với tình huống kinh doanh của bạn. Bây giờ chúng tôi đã sẵn sàng vào cuộc ngay, nhưng trước khi bạn đọc tiếp, bạn hãy dành một chút thời gian lập danh sách mục tiêu cần đạt và hãy ghi nhớ các mục tiêu đó trong khi tiếp tục đọc sách. Danh sách của bạn có thể bao gồm cách thức: • Vận dụng hoạt động thuê ngoài để ứng phó với những thách thức kinh doanh thời nay. • Đưa ra quyết định thuê ngoài đúng đắn ngay từ lần đầu tiên. • Đạt được sự ưu việt về hoạt động trong các mối quan hệ thuê ngoài. • Phổ biến thông tin về thuê ngoài với người lao động, khách hàng và công luận. • Thiết lập các nguồn lợi tức mới thông qua thuê ngoài. • Tiến hành thuê ngoài thành công. • Tạo ra những hợp đồng thuê ngoài giàu-giá-trị. • Hồi sinh sau các mối quan hệ thuê ngoài phiền hà. • Nâng bước sự nghiệp thành chuyên gia thuê ngoài. Đến tận bây giờ những người cực-kỳ-ưa-chuộng hoạt động thuê ngoài vẫn hờ hững không đề cập đến lí do khiến các hợp đồng thuê ngoài thất bại, các chi phí toà án nêu trong các bản hợp đồng quốc tế, tình trạng tham nhũng xảy ra tràn lan tại các tổ chức chính phủ nước ngoài và nhiều yếu tố khác đang bào mòn các khoản tiền lương tiết kiệm được nhờ hoạt động thuê ngoài. Chúng tôi khuyến nghị bạn nên tiến hành một cuộc nghiên cứu nhỏ và bạn sẽ nhận thấy rằng một trong ba dự án thuê ngoài bị thất bại do hầu hết mọi người đều gấp rút thuê ngoài mà không thông báo cho nhân viên hoặc cẩn trọng theo sát chương trình. Rất nhiều những người đưa ra quyết định thuê ngoài cũng không - hoặc không thể - có đủ tiền chi trả cho một bản phân tích chi tiết – và bản phân tích này chỉ có thể được chắt lọc từ những báo cáo nghiên cứu đắt đỏ do các tổ chức nghiên cứu danh tiếng thực hiện.', 'kinh-te-thue-ngoai.jpg', 2, 1, NULL, NULL),
('MS070', 'ML006', 'TIẾP THỊ DI ĐỘNG - CHUYỆN BÂY GIỜ MỚI KỂ', 75000, 61500, 1, 0, 'Những kiến thức cơ bản và những câu chuyện lý thú về ngành tiếp thị di động (mobile marketing) - một lĩnh vực khá mới mẻ và đang là trào lưu của quảng cáo số ở Việt Nam. Tiếp thị di động là việc sử dụng các kênh thông tin di động làm phương tiện phục vụ cho các hoạt động tiếp thị. Qua cuốn sách, tác giả giúp ta hiểu ngóc ngách việc kinh doanh thông qua các dịch vụ tin nhắn, cũng như những xu hướng sử dụng các ứng dụng di động trong tương lai của thế giới và Việt Nam.', 'kinh-te-tiep-thi-di-dong.jpg', 50, 1, NULL, NULL),
('MS071', 'ML007', 'ĐẠI HỌC - ĐỊNH CHẾ GIÁO DỤC CAO THAY ĐỔI THẾ GIỚI TỪ TRUNG CỔ ĐẾN HIỆN ĐẠI', 185000, 148000, 1, 1, '\" Đại học là một định chế giáo dục cao phát triển tri thức của châu Âu Kitô giáo Trung cổ, một hiện tượng rất đặc thù không một nền văn minh nào khác có, đánh dấu sự thức tỉnh tinh thần của một nền văn minh mới của thế giới sau đêm dài một nghìn năm vắng bóng học thuật, và tiếp nối truyền thống tri thức Hy Lạp cổ đại.\r\n\r\nĐại học là universitas, sự tập hợp tự nguyện của thầy và trò để phát triển tri thức cao, hoạt động độc lập và tự chủ.\r\n\r\nĐại học mang trong mình dòng máu khoa học  như lẽ sinh tồn. Không có khoa học, lý tính, không thể có đại học và xã hội phát triển, ngay cả châu Âu cũng có nguy cơ trở thành \"châu Á\", như Nietzsche và Max Weber nhận định.\r\n\r\nTrong ba loại quyền:  Vương quyền, Thần quyền và Trí quyền, thì Vương quyền ngày nay đã sụp đổ, Thần quyền không còn ảnh hưởng như một nghìn năm trước nữa, trong đó Trí quyền, mà đại học là sự tượng trưng, không ngừng ngày càng phát triển mạnh mẽ cho đến hôm nay.\"', 'lich-su-dia-ly-dai-hoc.jpg', 14, 1, NULL, NULL),
('MS072', 'ML007', 'HÀNH TRÌNH CỦA LINH HỒN (TÁI BẢN 2018)', 99000, 84150, 0, 1, 'Bạn có sợ chết không? Bạn có tự hỏi điều gì sẽ xảy ra sau khi bạn chết không? Có thể nào bạn có một linh hồn đến từ đâu đó và sẽ trở về đó sau khi thân xác bạn chết đi, hay đó chỉ là một điều ước ao vì bạn quá sợ hãi?\r\n\r\n\r\n\r\n\r\n\r\n', 'lich-su-dia-ly-ton-giao-hanh-trinh-cua-linh-hon.jpg', 14, 1, NULL, NULL),
('MS073', 'ML007', 'SAPIENS: LƯỢC SỬ LOÀI NGƯỜI (TÁI BẢN)', 209000, 146300, 1, 1, 'Sapiens: Lược Sử Loài Người (Tái Bản)\r\n\r\nSapiens, đưa chúng ta vào một chuyến đi kinh ngạc qua toàn bộ lịch sử loài người, từ những gốc rễ tiến hóa của nó đến thời đại của chủ nghĩa tư bản và kỹ thuật di truyền, để khám phá tại sao chúng ta đang trong những điều kiện sinh sống hiện tại.\r\n\r\nSapiens tập trung vào các quá trình quan trọng đã định hình loài người và thế giới quanh nó, chẳng hạn như sự ra đời của sản xuất nông nghiệp, việc tạo ra tiền, sự lan truyền của những tôn giáo, và sự nổi lên của những nhà nước quốc gia. Không giống như những quyển sách khác cùng loại, Sapiens đã có một lối tiếp cận liên ngành học, bắc cầu qua những khoảng cách giữa lịch sử, sinh học, triết học và kinh tế theo một lối trước đây chưa từng có. Hơn nữa, lấy cả quan điểm vĩ mô và vi mô, Sapiens không chỉ đề cập đến những gì đã xảy ra và tại sao, mà còn đi sâu vào việc những cá nhân trong lịch sử đó đã cảm nhận nó như thế nào.\r\n\r\nCâu hỏi lớn và sâu sắc của Harari là: chúng ta thực sự muốn gì? Có cách nào để đạt được hạnh phúc cho con người chúng ta, hoặc thậm chí liệu chúng ta có biết được nó là gì hay không? Trong cốt lõi của nó, Sapiens biện luận rằng chúng ta không biết về bản thân chúng ta, huống chi biết được những nhu cầu của những loài sinh vật khác. Chúng ta đã quá thường xuyên bị những tưởng tượng hư cấu của chúng ta lừa dối. Lịch sử cũng là một hư cấu, nhưng một hư cấu đã được kiềm chế bởi thực tại và biện luận: một hình thức của huyền thoại – một hư cấu hữu ích – khiến nó có thể mang lại sự giác ngộ của sự tự biết chính mình.\r\n\r\n“Tôi khuyến khích tất cả chúng ta, dẫu có những tin tưởng tín ngưỡng nào, để đặt câu hỏi về những thuật kể cơ bản về thế giới chúng ta, để nối những phát triển ngày xưa với những quan tâm ngày nay, và để không sợ hãi những vấn đề tranh luận” (Yuval Noah Harari)\r\n\r\nĐánh giá:\r\n\r\n“Sapiens tìm câu trả lời cho vấn đề lớn nhất của lịch sử cũng như của thế giới hiện đại, và nó được viết bằng một thứ ngôn ngữ tuyệt vời khiến người ta không thể quên được” – Jared Diamond, tác giả cuốn sách đoạt giải Pulitzer Súng, vi trùng và thép.\r\n\r\n\"Điểm độc đáo ở Harari là ông tập trung vào sức mạnh của câu chuyện và huyền thoại để đưa mọi người lại gần nhau ... Tôi muốn giới thiệu cuốn sách này cho bất cứ ai hứng thú quan tâm tới một cách nhìn đầy hấp dẫn và thú vị  về  lịch sử ban đầu của con người ... Harari kể về lịch sử loài người theo một cách dễ tiếp cận khiến bạn thật khó có thể đặt nó xuống\"\r\n\r\n- Bill Gates\r\n\r\n“Sapiens thuộc vào loại những cuốn sách có thể giúp dọn sạch tâm trí bạn. Tác giả của nó, Yuval Noah Harari, là một học giả người Israel trẻ tuổi và là một người làm xiếc tri thức điêu luyện với những bước nhảy logic khiến bạn phải thót tim trong ngưỡng mộ ... Ngòi bút của Harari tỏa phát sức mạnh và sự sáng rõ, làm cho thế giới trở nên kỳ lạ và mới mẻ \"\r\n\r\n- John Carey, The Sunday Times\r\n\r\nĐiều khiến cuốn sách trở nên sự thú vị và khiêu khích là bởi đây là một cuốn sử bao quát và súc tích; nó nói về một số điều cốt lõi đã cho phép chúng ta xây dựng nền văn minh phi thường mà chúng ta coi là nghiễm nhiên chứ không phải đã được quy định, và nó mang đến cho bạn một hình dung về việc quãng thời gian chúng ta đã xuất hiện trên trái đất này ngắn đến mức nào”\r\n\r\n- Barack Obama, CNN\r\n\r\nTÁC GIẢ : Yuval Noah Harari\r\n\r\nYuval Noah Harari, Sinh năm 1976\r\n\r\nLà nhà nghiên cứu lịch sử người Israel. Ông nhận bằng Tiến sĩ ở Đại học Oxford vào năm 2002, hiện là giảng viên Khoa Lịch sử, Đại học Hebrew ở Jerusalem. Ông chuyên nghiên cứu về lịch sử thế giới, lịch sử thời Trung cổ và lịch sử quân sự. Hiện nay, các nghiên cứu của ông hướng tới trả lời những câu hỏi lớn mang tính khái quát về quan hệ giữa lịch sử và sinh học. Các cuốn sách đã xuất bản của ông được đón nhận nồng nhiệt ở nhiều nước trên thế giới, tạo nhiều hứng thú cũng như tranh cãi.\r\n\r\nCuốn sách Sapiens đã được xuất bản bằng tiếng Do Thái vào năm 2011 và sau đó bằng tiếng Anh vào năm 2014; Nó đã được dịch sang hơn 30 ngôn ngữ khác. Ấn bản tiếng Hebrew đã trở thành cuốn sách bán chạy nhất ở Israel, và tạo ra nhiều sự quan tâm cả trong cộng đồng học thuật lẫn trong công chúng, đưa Harari thành một người nổi tiếng [9]. Các video clip về các bài giảng của Harari về lịch sử thế giới đã được hàng chục ngàn người Israel theo dõi.\r\n\r\nNgoài ra, một cuốn sách khác cũng rất nổi tiếng của Harari là: Homo Deus: A Brief History of Tomorrow (Homo Deus: Một lược sử về Ngày mai)', 'lich-su-dia-ly-ton-giao-lich-su-loai-nguoi.jpg', 18, 1, NULL, NULL),
('MS074', 'ML007', 'HÀNH TRÌNH VỀ PHƯƠNG ĐÔNG (TÁI BẢN 2017) (BÌA CỨNG)', 118000, 92040, 0, 0, 'Hành Trình Về Phương Đông (Tái Bản 2017) (Bìa Cứng)\r\n\r\nHành Trình Về Phương Đông, một trong những tác phẩm đương đại hay và độc đáo nhất về văn hóa phương Đông vừa tái ngộ bạn đọc trong một diện mạo hoàn toàn mới, sang trọng và ấn tượng. Đây là ấn bản có lượng phát hành ấn tượng, hơn 40.000 bản tại Việt Nam chỉ trong vài năm trở lại đây.\r\n\r\nHành Trình Về Phương Đông kể về những trải nghiệm của một đoàn khoa học gồm các chuyên gia hàng đầu của Hội Khoa Học Hoàng Gia Anh được cử sang Ấn Độ nghiên cứu về huyền học và những khả năng siêu nhiên của con người. Suốt hai năm trời rong ruổi khắp các đền chùa Ấn Độ, diện kiến nhiều pháp thuật, nhiều cảnh mê tín dị đoan, thậm chí lừa đào… của nhiều pháp sư, đạo sĩ… họ được tiếp xúc với những vị chân tu thông thái sống ẩn dật ở thị trấn hay trên rặng Tuyết Sơn. Nhờ thế, họ được chứng kiến, trải nghiệm, hiểu biết sâu sắc về các khoa học cổ xức và bí truyền của văn hóa Ấn Độ như yoga, thiền định, thuật chiêm tinh, các phép dưỡng sinh và chữa bệnh, những kiến thức về nhân duyên, nghiệp báo, luật nhân quả, cõi sống và cõi chết…\r\n\r\n Cuốn sách là một phần trong bộ hồi ký nổi tiếng của giáo sư Blair T. Spalding (1857 - 1953), “Life and Teaching of the Masters of the Far East” (xuất bản năm 1953). Bộ sách có tất cả sáu quyển, ghi nhận đầy đủ về cuộc hành trình gay go nhưng lý thú và tràn đầy sự huyền bí ở Ấn Độ, Tây Tạng, Trung Hoa và Ba Tư. Ba quyển đầu ghi lại những cuộc thám hiểm của phái đoàn gồm các nhà khoa học hàng đầu của Hoàng gia Anh đi từ Anh quốc sang Ấn Độ, các cuộc gặp gỡ giữa phái đoàn và những vị thầy tâm linh sống ở châu Á và dãy Hy Mã Lạp Sơn. Ba quyển sau là những ghi nhận riêng của giáo sư Spalding về các cuộc hành trình, sự trao đổi kiến thức giữa phái đoàn và các vị thầy tâm linh, cùng bản tường trình của phái đoàn đã đưa đến những cuộc tranh luận sôi nổi. Cuối cùng thì ba người trong phái đoàn đã trở lại Ấn Độ sống đời ẩn sĩ.\r\n\r\n Xuất bản lần đầu tiên tại NXB Adyar Ấn Độ năm 1924, Hành Trình Về Phương Đông đã gây ra một dư luận tranh cãi không chỉ ở nước Anh mà ở cả châu Âu và Mỹ. Sau đó, vì tự ái và sĩ diện, chính phủ Anh cấm phát hành cuốn sách này ở Anh Quốc, rồi chiến tranh thế giới lần thứ II xảy ra, cuốn sách đã không được tái bản ở bất kỳ NXB nào khác trên thế giới. Mãi đến năm 2009, NXB Booksurge Hoa Kỳ đã tìm mọi cách liên lạc với dịch giả Nguyên Phong để xin phép chuyển ngữ cuốn sách tiếng Việt này.  \r\n\r\n \r\n\r\nCó thể nói, Hành Trình Về Phương Đông là một trong những cuốn sách có số phận khá ly kỳ, một phần vì dịch giả của nó cũng bí ẩn không kém. Không xuất hiện trên truyền thông, mà chỉ sống ẩn danh nên có rất nhiều người không biết về Nguyên Phong. Và đó chính là bút danh của Giáo sư John Vu (tên thật là Vũ Văn Du). Ông là tác giả, dịch giả nổi tiếng của các tác phẩm về văn học, tâm linh phương Đông, về giáo dục, và công nghệ. Ông đã chuyển thể và phóng tác rất thành công nhiều tác phẩm của các học giả phương Tây sau quá trình tìm hiểu và khám phá các giá trị văn hóa phương Đông. Trong số đó tác phẩm phóng tác nổi tiếng nhất là Hành Trình Về Phương Đông; ngoài ra, tại Việt Nam, First News đã xuất bản nhiều tác phẩm phóng tác nổi tiếng của dịch giả Nguyên Phong như: Ngọc sáng trong hoa sen, Bên rặng Tuyết Sơn, Hoa trôi trên sóng nước, Minh triết trong đời sống, Đường mây qua xứ tuyết…\r\n\r\n \r\n\r\nTái ngộ độc giả lần này, Hành trình Phương Đông có một diện mạo mới, bìa cứng, khổ: 16 x 24cm sang trọng, xứng đáng trở thành món quà tặng tinh thần cho bạn bè, đối tác cũng như những người thân yêu.', 'lich-su-dia-ly-ton-giao-hanh-trinh-ve-phuong-dong.jpg', 15, 1, NULL, NULL),
('MS075', 'ML007', 'SỐNG THỜI BAO CẤP (TÁI BẢN 2018)', 98000, 76440, 0, 0, 'Thời bao cấp trong mỗi người lớn tuổi là một cảm xúc khác nhau, Có người nhớ về như một giai đoạn lạc hậu và bảo thủ, người cho đó là thời của những ấu trĩ hồn nhiên, đáng trách nhưng không đáng giận. Nhà văn Ngô Minh đã làm “sống lại” thời bao cấp - một giai đoạn phát triển của đất nước sau chiến tranh – với cái nhìn riêng, vừa buồn cười vừa cay đắng, vừa giận vừa thương, vừa muốn quên đi vừa không thể không nhớ.\r\n\r\nGiáo sư Trần Văn Thọ viết về tình trạng kinh tế 10 năm đầu sau chiến tranh: \"Mười năm sau 1975 là một trong những giai đoạn tối tăm nhất trong lịch sử Việt Nam. Chỉ nói về mặt kinh tế, là một nước nông nghiệp (năm 1980, 80% dân số sống ở nông thôn và 70% lao động là nông dân) nhưng Việt Nam thiếu ăn, nhiều người phải ăn bo bo trong thời gian dài. Lượng lương thực tính trên đầu người giảm liên tục từ năm 1976 đến 1979, sau đó tăng trở lại nhưng cho đến năm 1981 vẫn không hồi phục lại mức năm 1976. Công thương nghiệp cũng đình trệ, sản xuất đình đốn, vật dụng hằng ngày thiếu thốn, cuộc sông của người dân vô cùng khốn khó. Ngoài những khó khăn của một đất nước sau chiến tranh và tình hình quốc tế bất lợi, nguyên nhân chính của tình trạng nói trên là do sai lầm trong chính sách, chiến lược phát triển, trong đó nổi bật nhất là sự nóng vội trong việc áp dụng mô hình xã hội chủ nghĩa trong kinh tế ở miền Nam... Nguy cơ thiếu ăn kéo dài và những khó khăn cùng cực khác làm phát sinh hiện tượng \"phá rào\" trong nông nghiệp, trong mậu dịch và trong việc quyết định giá cả lương thực đã cải thiện tình hình tại một số địa phương”.', 'lich-su-dia-ly-ton-giao-song-thoi-bao-cap.jpg', 16, 1, NULL, NULL),
('MS076', 'ML007', 'LƯỢC SỬ TÔN GIÁO', 129000, 109650, 1, 1, 'Hơn bảy tỷ người trên thế giới có thể viết một thứ gì đó khác chữ “Không” vào mục Tôn giáo trong hồ sơ của mình. Một số sinh ra đã theo một tôn giáo được chọn sẵn; số khác có thể tự lựa chọn theo sở thích, theo định hướng, theo đám đông... Thế rồi họ thực hành đức tin của mình hằng ngày, tự hào về nó và muốn truyền bá nó cho nhiều người khác nữa. Đó là con đường phát triển hết sức tự nhiên của tôn giáo suốt hàng nghìn năm qua, kết quả là vô số tín ngưỡng với cành nhánh xum xuê mà chúng ta thấy ngày nay. Nhiều tôn giáo ra đời cách đây hàng nghìn năm với số lượng tín đồ hùng hậu, một số khác non trẻ hơn nhưng không kém phần đình đám vì những tín đồ ít ỏi nhưng nổi tiếng của mình.  Thế nhưng, ai trong số họ dám chắc những gì mình đang làm là đúng nguyên bản và không khiến các vị khai sinh ra tôn giáo ấy lắc đầu, thất vọng?', 'lich-su-dai-ly-ton-giao-luoc-su-ton-giao.jpg', 14, 1, NULL, NULL),
('MS077', 'ML007', 'THẢ TRÔI PHIỀN MUỘN (TÁI BẢN 2019)', 98000, 73500, 0, 0, 'Thả Trôi Phiền Muộn\r\n\r\nDù đục dù trong con sông vẫn chảy\r\n\r\nDù cao dù thấp cây lá vẫn xanh\r\n\r\nDù người phàm tục hay kẻ tu hành\r\n\r\nĐều phải sống từ những điều rất nhỏ\r\n\r\nChúng ta đến thế giới này, tựu trung chỉ có hai việc lớn: sanh và tử. Một việc đã hoàn thành, chỉ còn lại một thôi, nên không cần phải gấp! Bởi vì đời người cũng chỉ gói gọn trong ba ngày: Ngày hôm qua như nước chảy mây bay, qua rồi không thể trở lại; ngày hôm nay dù đang ở đây nhưng cũng từng bước lùi vào quá khứ; và ngày mai sẽ đến nhưng rồi cũng sẽ qua đi. Và chúng ta, những con người bằng xương bằng thịt sẽ khó tránh khỏi những lúc sức cùng lực kiệt. Một trái tim nhỏ bé yếu đuối, sẽ có khi cảm thấy thương tổn đau lòng. Cuộc sống cũng giống như bầu trời, không thể lúc nào cũng trong lành để bạn vui thích, mà đôi khi sẽ u ám khiến bạn phiền muộn. Cuộc sống cũng không thể tặng mãi cho bạn những điều may mắn và hạnh phúc, có lúc nó sẽ bắt bạn nếm đủ những cay đắng-ngọt-bùi. Vì thế hãy mở lòng mình ra, tập nếp sống thứ tha, bước qua những người và những việc khiến bản thân phiền muộn, bạn sẽ thấy mình đang đứng ở trên cao và nhìn ra xa tận cuối chân trời.\r\n\r\nCuốn sách này gồm phần lớn các bài tự dịch mà tác giả đã tổng hợp được trong những năm qua, đồng thời cũng là nơi tác giả trải lòng mình để mang đến những câu chữ đầy tính nhân văn về duyên phận cuộc đời và sự hạnh phúc của nhân sinh. Với \"Thả trôi phiền muộn\", những câu chuyện đã được kể, muộn phiền theo đó cũng bay đi, biết yêu thương thân tâm mới sống được trọn vẹn.', 'lich-su-dia-ly-ton-giao-tha-troi-phien-muon.jpg', 12, 1, NULL, NULL),
('MS078', 'ML007', 'BẮC KỲ TẠP LỤC', 199000, 159200, 0, 0, '“Sẽ hữu ích hơn cho xã hội nếu chúng tôi mang đến cho độc giả […] chiếc chìa khóa giúp họ len lỏi vào các ngóc ngách trong đời sống tinh thần của người An Nam, bằng cách lĩnh hội và thẩm thấu nhanh chóng những tập tục của họ. Việc len lỏi và thẩm thấu này chính là thứ vũ khí giúp độc giả chiến đấu, trên địa bàn của chính mình, với giới nho sĩ uyên bác, và trên hết, là bí quyết để yêu dân tộc này bằng cách hiểu họ nhiều hơn.”\r\n\r\nĐúng như mục đích được đặt ra ban đầu, Bắc Kỳ tạp lục được thiết kế như một cuốn cẩm nang hướng dẫn, giúp những người Pháp đến sinh sống và làm việc tại An Nam vào cuối thế kỷ 19, đầu thế kỷ 20 nắm bắt và thích nghi với các tập tục, thiết chế của người An Nam. Nhưng không chỉ dừng ở đó, cuốn sách còn mang lại cho độc giả một cái nhìn tổng quát, bao trùm về những vấn đề quan trọng nhất trong đời sống của người dân: ngôn ngữ, giáo dục, văn học, lịch sử, tổ chức xã hội, chế độ thuế khóa, tôn giáo tín ngưỡng, cưới xin, tang lễ, hệ thực vật, v.v... trong thời kỳ ấy.\r\n\r\nMột tài liệu tham khảo thú vị cho bạn đọc muốn “ôn cố tri tân”.', 'lich-su-dia-ly-ton-giao-bac-ky-tap-luc.jpg', 17, 1, NULL, NULL),
('MS079', 'ML007', 'TẦM ĐẠO – CON ĐƯỜNG VÔ TẬN', 100000, 78000, 0, 0, '“ Một trong vài quyển sách có tính chất làm thay đổi cuộc đời mà tôi từng đọc. Tôi ước gì mọi người đều sẽ đọc nó”.\r\nThomas Moore, tác giả Care of the Soul.\r\n“ Satish Kumar thuộc số những nhà giáo dục quan trọng nhất của thế kỷ 20. Chuyến hành trình suốt cuộc đời ông đã bổ sung thêm một thực tế cụ thể, sống động, hết sức hấp dẫn về trí tuệ phương Đông”\r\nTheodore Roszak, tác giả America the Wise và The Making of a Culture\r\n“ Câu chuyện độc đáo của Satish Kumar mang tính chất truyền kỳ hơn là tiểu thuyết. Cuộc đời của con người khiêm tốn, mạnh mẽ, khôn ngoan và đầy đam mê này là một mẫu mực cho tất cả chúng ta về việc làm thế nào để tận dụng các thiên khiếu và tạo cơ hội cho chính mình nhằm phục vụ tương lai nhân loại.\r\nHazel Henderson, tác giả Building a Win–Win World và Creating Alternative Futures\r\n“ Khi đọc quyển sách này, bạn sẽ có được niềm vui hiếm hoi là gặp gỡ một con người hết sức đôn hậu, ấm áp và dí dỏm, một con người mà bạn không thể nào không xúc động”.\r\nKirkpatrick Sale, tác giả The Green Revolution và Rebels Against the Future', 'lich-su-dia-ly-ton-giao-tam-dao.jpg', 12, 1, NULL, NULL),
('MS080', 'ML007', 'SEN - BÌA ĐEN', 79000, 0, 1, 1, '\"Sen\" gồm 3 phần: Hạt mầm, Trong bùn và Hoa sen, đó là tập hợp những câu chuyện về cuộc sống đa diện, đa sắc, về nghề y tác giả ghi chép lại bằng vốn sống và cảm nhận của mình. Đúng như tựa sách, \"Sen\" là cuốn sách nhẹ nhàng mà sâu sắc, toát lên sự thanh cao, để lại nhiều lắng đọng trong lòng độc giả. Giọng kể của tác giả mang dấu ấn của Thiền, Phật giáo với những lời chiêm nghiệm, răn dạy về chữ Tâm, về lẽ sống mang đến cho độc giả những bài học sống quý giá.', 'lich-su-dia-ly-ton-giao-sen.jpg', 15, 1, NULL, NULL),
('MS081', 'ML007', 'SÀI GÒN MỘT THUỞ CHƯA XA - TẬP 1 - NHỮNG ĐỒNG TIỀN NGHIỆT NGÃ', 60000, 46800, 0, 0, 'Cùng bạn đọc quý mến!\r\n\r\nNhững gì tôi viết đều như là món nợ mà tôi thấy mình cần trả lại cho đời. Có thể, trong tập sách này, có những trang đọc được và cũng có những trang độc giả chưa thật sự hài lòng; nhưng với tôi, từng chữ tôi viết ra đều là thật, đều được viết ra từ những rung cảm nơi thẳm sâu của trái tim.\r\n\r\nSài Gòn, vùng đất tôi lớn lên từ tuổi lên mười, khi phải chia xa quê hương Quảng Nam thời đất nước còn chìm trong lửa đạn. Tôi tận mắt thấy, tai nghe mọi điều của một Sài Gòn từ ngày xa xưa đến tận bây giờ. Tôi nhớ từng góc phố, từng ngọn đèn đường ngày xưa vào những tối nhọc nhằn kiếm sống; để bây giờ mỗi lần ngang qua đều ngẩn ngơ, bồi hồi tiếc nuối khi hình ảnh cũ không còn. Sài Gòn thay da đổi thịt từng ngày, cố xứng tầm với tên gọi một thời “Hòn ngọc Viễn Đông”.\r\n\r\nSài Gòn có những người “sang” và cũng không ít những người “hèn”. Tôi chỉ nhắc lại câu nói ấy và xin phép được để trong ngoặc kép hai chữ “sang, hèn”. Nghề báo tạo điều kiện để tôi hàng ngày nhiều lần đi qua những con đường Sài Gòn và bao giờ cũng vậy, tôi thấy trái tim mình rộn ràng, mỗi khi gặp những người “hèn” - những em bé đánh giày, những người già cầm tập vé số trên tay, những phụ nữ oằn mình dưới gánh hàng rong, những cô gái tự đánh mất mình trong chốn lầu xanh tội nghiệp… Cũng như bao nhiêu người khác, làm sao tôi có thể không quan tâm đến những thân phận ấy. Và tôi đã dừng lại bên họ.\r\n\r\nSài Gòn vẫn đang cùng đất nước, thế giới xoay trong vũ trụ bao la - “sang” và “hèn” vẫn còn đó…\r\n\r\nMột số hiện tượng, sự việc mà quý vị đọc thấy trong tập sách này, rất có thể đã trở nên xa lạ với Sài Gòn hiện tại. Thật vui, nếu đó là những “điểm đen”, “mảng xám”… đã từng tồn tại một thời. Song, cũng là điều dễ hiểu và đáng trân quý biết bao khi mà từ xưa đến nay, hay mãi về sau “những điều tốt đẹp” vẫn hiện diện trên mảnh đất Sài Gòn đáng yêu này!\r\n\r\nHơn 50 bài phóng sự trong 3 tập sách này (chọn lọc từ hơn 300 bài báo cùng thể loại) được tôi thực hiện trong khoảng 10 năm cuối của thế kỷ XX (khoảng 1988 - 1999) và tất cả đã được đăng tải trên báo Phụ nữ Sài Gòn (sau đổi tên thành báo Phụ nữ Thành phố Hồ Chí Minh).\r\n\r\nXin trân trọng giới thiệu cùng quý bạn đọc.\r\n\r\nSài Gòn, đầu mùa Hạ 2019\r\n\r\nBÙI NGUYỄN TRƯỜNG KIÊN', 'lich-su-dia-ly-ton-giao-sai-gon-mot-thuo-chua-xa.jpg', 16, 1, NULL, NULL),
('MS082', 'ML007', 'MUÔN DẶM KHÔNG MÂY', 86000, 67940, 1, 0, 'Vào năm 646, ngài Huyền Trang, vị cao tăng đời Đường, đã căn cứ theo lộ trình Tây du của mình, viết nên quyển \"Đại Đường Tây Vực ký\"..., đến đời Minh, Ngô Thừa Ân đã chuyển thể từ \"Đại Đường Tây Vực ký\" thành \"Tây Du ký\". Từ đó, những câu chuyện liên quan về Đường Tăng được lưu truyền rộng rãi ở nhân gian. Thời gian cứ thế trôi qua, đến nay cũng hơn 1000 năm, một nữ sĩ Trung Quốc đã độc hành lại con đường của ngài Huyền Trang, đồng thời đem những điều trải qua viết nên quyển Muôn Dặm Không Mây bằng tiếng Anh.\r\n\r\nMùa hè năm 2004, tác giả đã chuyển dịch thành tác phẩm \"Vạn lý vô vân\" và xuất bản tại Trung Quốc. Ngài Huyền Trang đến Ấn Độ cầu học Phật pháp khoảng 19 năm; sau khi về nước, ngài dốc toàn lực cho sự nghiệp phiên dịch, hoằng pháp. Hơn 1300 năm trở lại đây, kinh văn đọc tụng đa phần do Ngài phiên dịch. Ngài không chỉ là một vị cao tăng, mà còn là sứ giả văn hóa, nhà du hành vĩ đại. Lỗ Tấn, tác giả nổi tiếng của Trung Quốc đầu thế kỷ 20, xưng tụng ngài là \"Bậc đống lương của dân tộc\"..., Lương Khải Siêu cũng tôn Ngài là \"Thiên cổ nhất nhân\", từ đó có thể thấy địa vị quan trọng của Ngài trong lịch sử Trung Quốc.\r\n\r\nMột phụ nữ Trung Quốc, cô thân vạn lý tìm hiểu hành trình của bậc cao tăng cách nay hơn 1000 năm. Quyển sách đã làm chấn động giới học giả năm châu, đây cũng là đề tài gây chú ý cho các nhà xuất bản tại Trung Quốc. Tiến sĩ Amartya Sen - người từng được giải thưởng Nobel về kinh tế học, trong lời đề tựa cho bản dịch Trung Quốc của mình nói: \"Đây là quyển sách đa tầng mức, đa góc độ, cũng là một tuyệt phẩm bao hàm văn hóa, lịch sử, địa lý và nhân văn...\".\r\n\r\nĐây là bộ sách dùng tâm để thể nghiệm. Tác giả đã dùng lối diễn đạt chân thật, sinh động, tư tưởng sâu sắc, kết hợp với rất nhiều hình ảnh đẹp trong lộ trình của mình, nhận thức nền văn minh tiên tiến và cổ xưa, nâng cao vị trí văn hóa Trung Quốc trong con mắt của mọi người trên thế giới, thẳng tiến vào thế giới tinh thần uyên bác của ngài Huyền Trang, lãnh ngộ được chân đế Phật giáo.', 'lich-su-dia-ly-ton-giao-muon-dam-khong-may.jpg', 32, 1, NULL, NULL),
('MS083', 'ML008', '90% TRẺ THÔNG MINH NHỜ CÁCH TRÒ CHUYỆN ĐÚNG ĐẮN CỦA CHA MẸ (TÁI BẢN 2019)', 39000, 33540, 0, 0, 'Bạn có bao giờ thốt ra những câu dù biết là không nên nói như  “Còn lề mề đến bao giờ nữa hả?” hay “Chẳng được cái trò trống gì, đưa đây xem nào!”… nhưng vẫn lỡ lời không?\r\n\r\nTrong quá trình trẻ trưởng thành, những lời lẽ kiểu “Mày chẳng được cái tích sự gì!” trẻ phải nghe ngày ngày sẽ thẩm thấu qua vô thức, rồi sau đó trở thành ý thức coi mình chỉ là loại “vô dụng”. Không biết từ lúc nào, trẻ sẽ bắt đầu thực hiện những hành vi, lối sống không tốt.\r\n\r\nTrong cuốn sách này, chúng tôi sẽ giới thiệu tới quý vị phụ huynh những câu nói “có phép lạ” khiến các con trở thành những đứa trẻ “tự có ý thức” mà cha mẹ không cần cằn nhằn nhiều. Hơn nữa, đây hoàn toàn là những câu chúng ta có thể áp dụng ngay từ ngày hôm nay như “Mẹ luôn đứng về phía con!”, “Mẹ con mình cùng làm nhé!”…\r\n\r\nVề bản chất, mỗi đứa trẻ đều mang trong mình một “sức mạnh” tuyệt vời. Nhưng trước hết, chúng ta phải tin tưởng vào sức mạnh ấy đã! Khi được tin cậy, “sức mạnh” bên trong trẻ sẽ được nuôi dưỡng một cách tự nhiên.\r\n\r\nCuốn sách này sẽ giới thiệu cách trò chuyện giúp khai phá sức mạnh ấy từ nhiều góc độ. Chắc chắn không chỉ các con mà ngay cả chính các bậc phụ huynh cũng sẽ thay đổi. Cuộc sống sẽ lại một lần nữa trở nên thật tuyệt vời.\r\n\r\nCuốn sách này sẽ giúp mở rộng tiềm năng của trẻ tới vô hạn!', 'nuoi-day-con-90-tre-thong-minh.jpg', 12, 1, NULL, NULL),
('MS084', 'ML008', 'CHA MẸ ĐỘC HẠI - VƯỢT QUA DI CHỨNG TỔN THƯƠNG VÀ GIÀNH LẠI CUỘC ĐỜI BẠN', 129000, 100620, 0, 1, 'Có bao giờ trong mỗi chúng ta đã từng có suy nghĩ rằng:  “Tôi xin chôn ảo tưởng của mình về một gia đình tốt đẹp. Tôi xin chôn những hi vọng và kì vọng của mình về cha mẹ tôi. Tôi xin chôn ảo tưởng của mình có thể làm được điều gì đó để thay đổi cha mẹ. Tôi biết mình sẽ không bao giờ trở thành người như cha mẹ hằng mong muốn, và tôi khóc than cho nỗi mất mát ấy. Nhưng tôi chấp nhận nó. Những ảo tưởng đó có thể an nghỉ được rồi”. Tôi nghĩ ít nhiều trong chúng ta ai cũng đã từng có những suy nghĩ như vậy, rằng mình chưa làm vừa ý cha mẹ.\r\n\r\nKhi bạn còn nhỏ, cha mẹ có nói rằng bạn tồi tệ hay vô tích sự không? Cha mẹ có thường xuyên sử dụng sự đau đớn về thể xác để kỷ luật bạn không? Bạn có thường xuyên sợ hãi cha mẹ của bạn không?... Còn bây giờ, khi bạn đã trưởng thành, có phải cha mẹ vẫn đối xử với bạn như một đứa trẻ hay bạn có cảm thấy rằng dù mình làm gì đi chăng nữa, sẽ không bao giờ là đủ với cha mẹ?... Tất cả những câu hỏi đang vang lên trong đầu bạn sẽ có lời giải đáp trong cuốn sách Cha mẹ độc hại – Vượt qua di chứng tổn thương và giành lại cuộc đời bạn. Trong cuốn sách này, Tiến sĩ Susan Forward đã chỉ ra được tiếng nói thực tế của những đứa trẻ trưởng thành có cha mẹ độc hại, từ đó giúp bạn thoát khỏi những bực bội trong mối quan hệ với cha mẹ, và khám phá ra một thế giới mới về sự tự tin, sức mạnh, khả năng tiềm ẩn của chính bản thân bạn. Trả lại bạn một cuộc đời đẹp tươi, ý nghĩa đáng ra bạn đã nên có từ rất lâu.\r\n\r\nCuốn sách gồm 2 phần chính:\r\n\r\nPhần 1: Cha mẹ độc hại thường bạo hành về tinh thần (lời nói), thể xác (đánh đập), hoặc xâm hại tình dục.\r\n\r\nPhần 2: Tác giả gợi mở từng cách giải quyết cho mỗi một vấn đề. Giúp đối tượng bị tổn thương có thể thoát khỏi bóng đen và những nỗi đau quá khứ để sống một cuộc sống vui vẻ phía trước.', 'nuoi-day-con-cha-me-doc-hai.jpg', 4, 1, NULL, NULL),
('MS085', 'ML008', 'DẠY CON TRONG CHÁNH NIỆM', 99000, 77220, 0, 1, 'Dạy Con Trong Chánh Niệm\r\n\r\nCuốn sách này dành cho những người quan tâm tới việc thực hành chánh niệm trong khi nuôi dạy trẻ. Cuốn sách này chủ yếu dành cho các bậc cha mẹ (hoặc những người sắp làm cha mẹ), nhưng nó cũng hữu ích với những người khác có tham gia chăm sóc trẻ như ông bà hoặc người giữ trẻ.\r\n\r\nChánh niệm có thể được sử dụng xuyên suốt trong cuộc sống gia đình như một nguyên tắc hướng dẫn nuôi dạy trẻ tại bất kỳ độ tuổi nào. Tuy nhiên, cuốn sách này chủ yếu đưa ra ví dụ trong những năm đầu làm cha mẹ, bởi trong thời kỳ căng thẳng này, các bậc cha mẹ thường phải tìm ra những cách thức mới để đối mặt với các thử thách mà họ gặp phải.\r\n\r\nCuốn sách này phù hợp với mọi bậc cha mẹ, dù bậc cha mẹ đó:\r\n\r\n- Chưa biết gì về việc làm cha mẹ và chánh niệm.\r\n\r\n- Đã biết về việc làm cha mẹ, nhưng chưa biết gì về chánh niệm.\r\n\r\n- Đang thực hành chánh niệm nhưng cần sự giúp đỡ để kết hợp chánh niệm vào cuộc sống gia đình mới.', 'nuoi-day-con-day-con-trong-chanh-niem.jpg', 13, 1, NULL, NULL),
('MS086', 'ML008', 'PHƯƠNG PHÁP DẠY CON THÀNH TÀI CỦA NGƯỜI DO THÁI (TRÍ HUỆ DẠY CON THÀNH CÔNG NHẤT THẾ GIỚI)', 95000, 71250, 0, 0, 'Cùng với sự tiến bộ của xã hội, con người ngày càng coi trọng giáo dục hơn. Đối  ới đứa trẻ đang trong quá trình phát triển mà nói, con đường tương lai của nó ra sao, một phần rất lớn nằm trong tay cha mẹ. Có câu nói: “Nếu nói vận mệnh của quốc gia nằm trong tay các nhà chính trị thì không bằng nói rằng vận mệnh quốc gia nằm trong tay các bậc cha mẹ, cánh tay đưa nôi cũng sẽ đưa tới tương lai của nhân loại”. Gia đình là trường học đầu tiên của trẻ, cha mẹ là người thầy đầu tiên của con cái. Cách giáo dục sẽ ảnh hưởng tới cả một đời đứa trẻ. Kinh nghiệm thành công trong giáo dục gia đình của người Do Thái rất đáng để mọi người cùng tham khảo, học tập và làm theo.\r\n\r\nCuốn sách kinh điển về dạy con với các ví dụ thực tiễn, sinh động, thấm nhuần triết  ý sâu sắc và thực tế của người Do Thái đã tập hợp những tinh túy trí huệ của người Do Thái trong việc giáo dục, bồi dưỡng trẻ nhỏ trên các phương diện, được các bậc cha mẹ khắp nơi trên thế giới đón nhận và học tập. Chúng tôi xin chọn ra những mẩu chuyện đặc sắc nhất, phù hợp nhất để bạn đọc cùng tham khảo!', 'nuoi-day-con-phuong-phap-day-con-cua-nguoi-do-thai.jpg', 14, 1, NULL, NULL),
('MS087', 'ML008', 'COMBO CẨM NANG THAI GIÁO', 218000, 174400, 0, 0, 'Combo Cẩm Nang Thai Giáo', 'nuoi-day-con-cam-nang-me-bau.jpg', 4, 1, NULL, NULL),
('MS088', 'ML008', 'THẤU HIỂU VÀ HỖ TRỢ TRẺ TỰ KỶ', 92000, 71760, 0, 0, '', 'nuoi-day-con-tre-tu-ky.jpg', 10, 1, NULL, NULL),
('MS089', 'ML008', 'VUI HỌC ĐỂ PHÁT TRIỂN KHẢ NĂNG CỦA TRẺ', 49000, 36750, 0, 0, 'Vui Học Để Phát Triển Khả Năng Của Trẻ\r\n\r\nCon bạn có thích học không? Trẻ có vui mỗi khi học không?\r\n\r\nTrong cuộc sống, bạn sẽ tràn đầy năng lượng và lòng nhiệt tình nếu làm điều mình thích. Học tập cũng vậy, đặc biệt là đối với con trẻ. Với đứa trẻ yêu thích việc học thì dù bạn có để mặc chúng, chúng vẫn tích cực học. Học tập vui vẻ giúp trẻ có học lực tốt. Bởi vậy, điều đầu tiên bạn phải làm nếu muốn con học tốt là khiến con yêu thích việc học. Bạn cần giúp con cảm nhận được niềm vui trong học tập. Nếu làm được điều này, dần dần con bạn sẽ có khả năng tự học tốt và bạn cũng không cần phải nhắc nhở, đốc thúc con học hàng ngày nữa.\r\n\r\nĐiều quan trọng nhất là để trẻ học với niềm yêu thích', 'nuoi-day-con-vui-hoc-de-phat-trien.jpg', 12, 1, NULL, NULL),
('MS090', 'ML008', 'ĂN DẶM KHÔNG PHẢI LÀ CUỘC CHIẾN (TÁI BẢN 2018)', 219000, 164250, 0, 1, 'Ăn Dặm Không Phải Là Cuộc Chiến\r\n\r\nChắc hẳn các bạn đã biết đến sự có mặt của cuốn sách “Nuôi con không phải là cuộc chiến”, một cuốncẩm nang để bé ăn ngon miệng, dạy bé nghe lời, một cuốn sách giúp bạn hiểu con mình hơn của nhóm tác giả Đỗ Liên Hương (Mẹ Ong Bông), Nguyễn Thanh Hương (mẹ BuBu), Nguyễn Thu Hà. Và giờ đây, cuốn sách Ăn dặm không phải là cuộc chiến được viết nối tiếp theo thành công của cuốn sách “Nuôi con không phải là cuộc chiến”. Như tựa đề  bộc lộ, cuốn sách này nhấn mạnh vào chủ đề ăn uống lành mạnh và chủ động cho trẻ em từ lứa tuổi bắt đầu tập ăn dặm, đồng thời cung cấp các thông tin dinh dưỡng cơ bản thiết yếu, các thực đơn gợi ý, các công thức nấu ăn và các mẹo nhỏ để bữa ăn cân bằng và hấp dẫn. Đây là cuốn sách giúp cha mẹ gợi mở và xây dựng mối quan hệ lành mạnh của trẻ em với ẩm thực - một hoạt động không thể thiếu hàng ngày.', 'nuoi-day-con-an-dam.jpg', 12, 1, NULL, NULL),
('MS091', 'ML008', 'ĐỂ CON ĐƯỢC ỐM - TÁI BẢN 2018', 95000, 76000, 0, 1, 'TOP 100 BEST SELLER - Để Con Được Ốm\r\nĐể con được ốm có thể coi là một cuốn nhật ký học làm mẹ thông qua những câu chuyện từ trải nghiệm thực tế mà chị Uyên Bùi đã trải qua từ khi mang thai đến khi em bé chào đời và trở thành một cô bé khỏe mạnh, vui vẻ. Cùng với những câu chuyện nhỏ thú vị của người mẹ là lời khuyên mang tính chuyên môn, giải đáp cụ thể từ bác sỹ Nguyễn Trí Đoàn, giúp hóa giải những hiểu lầm từ kinh nghiệm dân gian được truyền lại, cũng như lý giải một cách khoa học những thông tin chưa đúng đắn đang được lưu truyền hiện nay, mang đến góc nhìn đúng đắn nhất cho mỗi hiện tượng, sự việc với những kiến thức y khoa hiện đại được cập nhật liên tục. Cuốn sách sẽ giúp các bậc phụ huynh trang bị một số kiến thức cơ bản trong việc chăm sóc trẻ một cách khoa học và góp phần giúp các mẹ và những-người-sẽ-là-mẹ trở nên tự tin hơn trong việc chăm con, xua tan đi những lo lắng, để mỗi em bé ra đời đều được hưởng sự chăm sóc tốt nhất.', 'nuoi-day-con-de-con-duoc-om.jpg', 5, 1, NULL, NULL),
('MS092', 'ML008', 'HỎI BÁC SĨ NHI ĐỒNG - GIẢI ĐÁP THẮC MẮC CỦA CHA MẸ VỀ BỆNH CON NÍT', 79000, 63200, 1, 0, 'Hỏi Bác Sĩ Nhi Đồng - Giải Đáp Thắc Mắc Của Cha Mẹ Về Bệnh Con Nít\r\n\r\nGần một đời nghề làm việc với trẻ em, gần một đời nghề tiếp xúc với bệnh nhi, làm việc tại Khoa Nhiễm - Thần kinh của Bệnh viện Nhi Đồng 1, nơi “đầu sóng ngọn gió” về dịch bệnh, Bác sĩ Trương Hữu Khanh thấu hiểu những khó khăn, lo lắng và nhiều vấn đề cha mẹ các bé quan tâm và hỏi han trong quá trình chăm sóc con cái. Với mong muốn chia sẻ, giải thích những khúc mắc của  cha mẹ các bé, bác sĩ đã mở fanpage Hỏi bác sĩ nhi đồng,giải đáp mọi vấn đề bệnh trẻ em, và trở thành một địa chỉ tin cậy của nhiều bà mẹ bỉm sữa.\r\n\r\nTừ ý tưởng tập hợp một cách có hệ thống toàn bộ những bài viết có tính hỏi đáp giữa cha mẹ trẻ em và bác sĩ nhi vào trong một cuốn cẩm nang nhỏ, hữu ích, thiết thực, để làm sách gối đầu giường cho các bà mẹ bỉm sữa, cuốn sách Hỏi bác sĩ nhi đồng đã ra đời. Trong đó, bác sĩ Trương Hữu Khanh sẽ giải đáp hầu hết những thắc mắc về bệnh thường gặp ở trẻ em, từ bệnh liên quan đến hô hấp, đường ruột, bệnh ngoài da, bệnh nhiễm, cho đến toàn bộ những kiến thức về tiêm chủng, vắc xin, vấn đề dinh dưỡng, ăn dặm…', 'nuoi-day-con-bac-si-nhi-dong.jpg', 10, 1, NULL, NULL),
('MS093', 'ML008', 'CHỜ ĐẾN MẪU GIÁO THÌ ĐÃ MUỘN', 69000, 51750, 0, 0, 'TOP 100 BEST SELLER - Chờ đến mẫu giáo thì đã muộn là cuốn sách bàn về phương pháp giáo dục trẻ trong giai đoạn từ 0 đến 3 tuổi của tác giả Ibuka Masaru, người sáng lập tập đoàn Sony đồng thời là một nhà nghiên cứu giáo dục. Dựa trên những nghiên cứu về sinh lý học của não bộ và di truyền học, ông đã khẳng định sự phát triển về trí tuệ và năng lực của trẻ được quyết định trong giai đoạn từ 0 đến 3 tuổi, giai đoạn này là “thời kỳ thích hợp” để “nuôi dạy một đứa trẻ trở nên ngoan ngoãn, vui vẻ, có trí tuệ thông minh và khỏe mạnh”. Từ đó, ông đưa ra những giải pháp để giúp các bậc cha mẹ tạo ra môi trường để trẻ có thể phát huy hết khả năng của mình.\r\n\r\nSức cuốn hút của Chờ đến mẫu giáo thì đã muộn không phải là những bài học giáo dục cao siêu mà ở lời nhắn nhủ hãy khơi dậy tiềm năng của trẻ từ những điều nhỏ nhặt trong cuộc sống bằng tình yêu của người làm cha mẹ.', 'nuoi-day-con-cho-den-mau-giao-thi-da-muon.jpg', 21, 1, NULL, NULL),
('MS094', 'ML008', 'THÓI QUEN CỦA MẸ NUÔI CON TỰ GIÁC HỌC TẬP', 79000, 61620, 1, 0, 'Thói Quen Của Mẹ Nuôi Con Tự Giác Học Tập\r\n\r\nCuốn sách “Thói Quen Của Mẹ Nuôi Con Tự Giác Học Tập” của Tác giả Ryoichi Murakami được đúc kết từ kinh nghiệm tư vấn cho hơn 3000 bà mẹ, giúp các mẹ nuôi con trở thành những đứa trẻ say mê học tập, tự lập và sống có ý thức. Qua cuốn sách, Tác giả muốn truyền tải một thông điệp đến các mẹ rằng: “Có những điều chỉ có mẹ mới có thể dạy con, mà không phải trường học hay các lớp dạy thêm”.', 'nuoi-day-con-thoi-quen-cua-me-nuoi-con.jpg', 15, 1, NULL, NULL),
('MS095', 'ML008', 'BÉ THƠ TỰ NGỦ, CHA MẸ THƯ THÁI - NUÔI CON KHÔNG PHẢI LÀ CUỘC CHIẾN 2 (QUYỂN 3) - TÁI BẢN 2019', 110000, 88000, 0, 0, 'Bé Thơ Tự Ngủ, Cha Mẹ Thư Thái - Nuôi Con Không Phải Là Cuộc Chiến 2 (Quyển 3) - Tái Bản 2019\r\n\r\nNgủ là một trong những hoạt động quan trọng nhất của quá trình phát triển, nhất là ở trẻ em. Bấy lâu nay ở Việt Nam nhu cầu ngủ ở trẻ không được coi trọng một cách đúng đắn. Trong một hội thảo gần đây của ngành y tế, Bác sĩ Johnathan Halevy, Trưởng Khoa Nhi  Trung tâm phòng khám Family Medical Practice đã chia sẻ tình trạng sức khỏe do thiếu ngủ của trẻ em Việt Nam cần sớm cải thiện. Theo Bác sĩ Johnathan Halevy, tình trạng thiếu ngủ có thể dẫn đến hàng loạt hệ quả nghiêm trọng nhƣ tình trạng giảm sút khả năng nhận thức, gây ra các vấn đề về trí nhớ, chức năng vận động, trầm cảm, hành vi và các rối loạn về tâm lý cũng nhƣ sự an toàn của trẻ. Có đến một nửa trẻ mầm non và 40% trẻ vị thành niên ngủ ít hơn thời lượng cần thiết mà nguyên nhân phát sinh chủ yếu đến từ sự thiếu coi trọng thời lƣợng nghỉ ngơi cho các bé từ khi còn nhỏ của phụ huynh.', 'nuoi-day-con-khong-phai-la-cuoc-chien.jpg', 14, 1, NULL, NULL),
('MS096', 'ML008', 'CON NGHĨ ĐI, MẸ KHÔNG BIẾT (TÁI BẢN 2019)', 79000, 59250, 0, 1, 'Con nghĩ đi, mẹ không biết là tập hợp những bài viết được đón nhận nhiệt thành trên Facebook của Thu Hà (Mẹ Xu-Sim), rất nhiều bài viết trong số đó đã từng được đăng trên các báo Tuổi trẻ, Thanh Niên, Vnexpress, Dântrí, V Nhưng khác với những dòng chia sẻ trên mạng xã hội, nội dung các bài được chọn lọc hơn, có chủ đích hơn với giải pháp để con tự lập và mẹ tự do. Những bài viết của Thu Hà sinh động, thiết thực vì đó là những trải nghiệm thật, hoàn toàn là sự thật của một bà mẹ có hai con đang trong tuổi ăn, tuổi học, cuả một ngưuời làm việc với trẻ em liên tục suốt 20 năm, trong đó có 3 năm dạy học và 17 năm làm báo tuổi teen.\r\n\r\nHành trình lớn lên cùng con của bà mẹ này có thể chạm tới trái tim của các ông bố bà mẹ khác có lẽ là bởi sự chân thành và những chiêm nghiệm thật như  được rút ra từ tim của người mẹ. Nhiều người yêu mến chị bởi những triết lý giáo dục hàn lâm được viết bằng lối kể chuyện giản dị, thực tế và sống động. Đối tượng độc giả chính của cuốn sách là các ông bố- bà mẹ, nhưng các bạn trẻ vẫn có thể đọc sách để hiểu hơn về phụ huynh mình, cũng là một món quà ý nhị khi muốn “nhắc khéo” bố mẹ rằng: “con muốn tự lập”.', 'nuoi-day-con-con-nghi-di-me-khong-biet.jpg', 10, 1, NULL, NULL),
('MS097', 'ML008', 'NUÔI CON KHỎE MẠNH TỪ 1-3 TUỔI', 55000, 44000, 1, 0, 'Những kiến thức về sức khỏe sinh sản và nuôi dậy con cái vô cùng cần thiết với các cặp vợ chồng trẻ hiện nay. Chắc hẳn các bậc làm cha, làm mẹ đều mong muốn mình sinh ra những em bé khỏe mạnh, lớn khôn, nhưng để biến mong muốn đó thành hiện thực, chúng ta phải chuẩn bị và làm như thế nào? Các bạn đừng quá lo lắng, nắm bắt được tâm lý đó, chúng tôi đã biên soạn, chỉnh lý và cho ra đời bộ sách hữu ích này, những kiến thức trong bộ sách sẽ kịp thời trang bị cho các bậc cha mẹ những kiến thức quan trọng từ giai đoạn khi người phụ nữ chuẩn bị mang thai, trong giai đoạn thai kỳ, sau khi sinh con, chăm sóc và nuôi dâỵ con cái... Bộ sách giống như là một kim chỉ nam, một bộ Bách khoa toàn thư về sinh sản và nuôi con mà chúng tôi muốn gửi tặng tới tất cả các bậc làm cha mẹ.', 'nuoi-day-con-nuoi-con-khoe-manh.jpg', 15, 1, NULL, NULL),
('MS098', 'ML008', 'DINH DƯỠNG THEO ĐỘ TUỔI', 58000, 45240, 0, 0, 'Thời gian qua, First News - Trí Việt đã giới thiệu tới bạn đọc 3 cuốn sách nằm trong loạt sách Nutrition for Life gồm: Dinh dưỡng - Chìa khóa vàng cho sức khỏe; Thực phẩm khéo dùng nên thuốc; Ăn uống thông minh… Lần này, First News cùng các tác giả và chuyên gia tiếp tục gửi đến bạn đọc thêm một cuốn sách thuộc chủ đề này, đó chính là Dinh dưỡng theo độ tuổi. Cuốn sách sẽ đưa ra những lời khuyên hữu ích về cách xây dựng chế độ ăn uống lành mạnh, hợp lý cho chính bản thân và cho gia đình bạn.', 'nuoi-day-con-che-do-dinh-duong.jpg', 12, 1, NULL, NULL),
('MS099', 'ML008', 'NHẬT KÝ ĐẦU ĐỜI CỦA BÉ (TÁI BẢN)', 96000, 76800, 0, 0, '\"Nhật Ký Đầu Đời Của Bé\" được minh họa với những bức tranh sinh động, đẹp mắt và rất đáng yêu về sự phát triển của các bé ở nhiều giai đoạn. Cha mẹ hãy cùng chăm sóc và ghi lại những khoảnh khắc thay đổi kỳ diệu từng ngày của bé! Những hình ảnh, câu chuyện về thời thơ ấu của em bé được ghi lại trên trang nhật ký sẽ là Món Quà Vô Giá tặng cho bé khi lớn lên.\r\n\r\nNào, chúng ta hãy cũng lật mở từng trang và ghi lại những khoảnh khắc đáng nhớ cho bé yêu của bạn nhé!\r\n\r\nCuốn sách được thiết kế đẹp, bắt mắt cùng những ảnh minh họa đẹp, đáng yêu, được in trên chất liệu giấy ngoại nhập, dày và tiện cho cha mẹ dán ảnh cũng như viết nhật ký cho bé yêu của mình.', 'nuoi-day-con-nhat-ky-dau-doi-cua-be.jpg', 34, 1, NULL, NULL),
('MS100', 'ML008', 'NGƯỜI ĐỨC DẠY CON - TRÊN BÀN ĂN', 59000, 46020, 0, 0, 'ĐÂY KHÔNG PHẢI SÁCH DẠY NẤU ĂN, MÀ LÀ MỘT CUỐN SÁCH VỀ DINH DƯỠNG. Sẽ không có bất cứ công thức nào được đưa ra trong cuốn sách này, nhưng  bạn sẽ tìm thấy tất cả những điều cần thiết giúp trẻ ăn uống đúng cách ngay từ lúc lọt lòng. Những kết quả nghiên cứu và kiến thức mới về dinh dưỡng đều được đưa vào ấn bản này.\r\n\r\nCuốn sách không chỉ đề cập đến việc con bạn ăn gì, mà điều quan trọng không kém chính là việc cha mẹ và con cái sẽ cùng nhau thực hiện việc đó như thế nào. Bạn sẽ hiểu được, tại sao trong rất nhiều gia đình, việc ăn uống lại trở thành áp lực. Điều đó sẽ không xảy ra nếu mỗi thành viên nắm được và duy trì các quy tắc đơn giản: quy tắc ăn uống đúng cách.\r\n\r\nTất cả mọi thứ đều xoay quanh các quy tắc này. Đó không phải là các quy tắc tự nghĩ ra, mà là những quy tắc khoa học. Càng tìm hiểu sâu về chúng, bạn sẽ càng thấy chúng lôgic hơn. Ngoài ra, rất nhiều ví dụ sống động, cũng như các lời khuyên được đề cập, nhằm giúp bạn vận dụng các quy tắc trên phù hợp với độ tuổi của con cái mình.', 'nuoi-day-con-tren-ban-an.jpg', 34, 1, NULL, NULL),
('MS101', 'ML008', 'NGƯỜI CHA TỐT VÀ NGƯỜI CHA TỒI', 42000, 32340, 0, 0, 'Người Cha Tốt Và Người Cha Tồi\r\nXã hội hiện đại với nhiều cám dỗ và cạm bẫy sẵn sàng phá hủy các tế bào gia đình, không chỉ ảnh hưởng tới tâm hồn non nớt của trẻ nhỏ, mà còn tha hóa cả những người lớn đang đóng vai trò bố - mẹ.\r\n\r\nKhi người cha - trụ cột gia đình - sa ngã, con cái sẽ phải làm gì?\r\n\r\nTừ bỏ tình thân, hay là tha thứ vô điều kiện? Mọi lựa chọn đều không dễ.\r\n\r\nMột câu chuyện bình dị như thể vẫn gặp đâu đây trong cuộc sống hiện thực. Những bất trắc sẽ không trở thành bi kịch nếu như con người vẫn biết nâng niu, trân trọng phần lương tâm. Đây chính là một món quà giàu ý nghĩa dành tặng cho các độc giả trong lứa tuổi thiếu niên.\r\n\r\nNgười cha tốt và người cha tồi cũng là cuốn sách giúp những người đang làm cha, làm mẹ thêm hiểu hơn về những suy nghĩ, cách nhìn nhận vấn đề, cảm nhận và mong muốn của con trẻ.', 'nuoi-day-con-nguoi-cha-tot.jpg', 45, 1, NULL, NULL),
('MS102', 'ML008', 'CÙNG NẮM TAY CHA NÀO TA KHÔN LỚN', 89000, 66750, 0, 0, 'Cùng Nắm Tay Cha Nào Ta Khôn Lớn\r\n\r\nĐôi khi chúng ta đắn đo tự hỏi, những ông bố - những người đàn ông của xã hội bận rộn kia, họ không “mang nặng, đẻ đau”, liệu họ có đủ tâm lý, hiểu biết, để chăm lo và yêu thương con cái hay không? \r\n\r\nCâu trả lời có thể tìm thấy trong cuốn sách \"Cùng nắm tay cha nào ta khôn lớn\" của tác giả Hoàng Long. Một cuốn sách được viết bằng cả trái tim của người cha yêu thương con vô bờ. Cuốn sách tưởng chỉ là tâm sự riêng của một người cha, nhưng lại đánh đúng vào điểm đồng cảm chung của những bậc làm cha làm mẹ, để họ cảm nhận rằng, đó cũng chính là câu chuyện riêng của họ. Một cuốn sách văn minh của một người đàn ông có tâm hồn, chia sẻ những câu chuyện thú vị về hành trình làm con và làm bố chắc chắn sẽ mang đến cho các bậc làm cha làm mẹ nhiều cảm xúc và bài học quý báu trong hành trình dạy dỗ con cái thành người. ', 'nuoi-day-con-nam-tay-cha.jpg', 10, 1, NULL, NULL),
('MS103', 'ML008', 'NÓI SAO CHO TRẺ CHỊU HỌC Ở NHÀ VÀ Ở TRƯỜNG (TÁI BẢN 2017)', 126000, 100800, 1, 0, 'Nói Sao Cho Trẻ Chịu Học Ở Nhà Và Ở Trường (Tái Bản 2017)\r\n\r\nBọn trẻ con bây giờ…\r\n\r\n- Bảo làm bài tập - khất lần rồi không chịu làm\r\n\r\n- Bảo không được thức khuya - chơi game đến 1h đêm\r\n\r\n- Bảo không được nói chuyện trong lớp - càng ồn ào hơn\r\n\r\n- Bảo không được cải cha mẹ, thầy cô - trả treo ngay lập tức…\r\n\r\nĐó chỉ là số ít trong rất nhiều hành động ương bướng mà trẻ cố tình làm để chống lại ý muốn của phụ huynh và giáo viên. Thế nhưng, tất cả những hành động ấy đều có nguyên do. Và việc của người lớn là tìm hiểu, lắng nghe những gì trẻ muốn nói.', 'nuoi-day-con-noi-sao-cho-tre-chiu-hoc.jpg', 15, 1, NULL, NULL),
('MS104', 'ML008', 'DẠY CON THỜI HIỆN ĐẠI (KÈM CD)', 90000, 67500, 0, 1, 'hhhhh', 'nuoi-day-con-day-con-thoi-hien-dai.jpg', 10, 1, NULL, NULL),
('MS105', 'ML008', 'NUÔI CON ĐẠI CHIẾN', 72000, 48240, 0, 1, 'Nuôi Con Đại Chiến\r\nBạn có biết vì sao các ông bố, bà mẹ của những đứa trẻ đang tuổi chập chững lại luôn mang dáng vẻ của những người lính bại trận, bước ra từ một cuộc chiến kinh hoàng?\r\n\r\nVới giọng văn hài hước và trào lộng, qua cuốn sách Nuôi con “đại chiến” tác giả Bunmi Laditan đã vẽ lại bức tranh toàn cảnh về việc nuôi con ở tuổi chập chững từ: cho chúng ăn, đưa chúng đi chơi, cho chúng đi ngủ, tập cho chúng ngồi bô… chân thực đến trào nước mắt.Nhưng sau tất cả những “nét vẽ” đó, điều tác giả muốn truyền tải tới phụ huynh đó là: “Chiến cũng chẳng ích gì” bởi đây là “quy luật có tính toàn cầu”. Vì vậy, các bạn đừng cố “gồng” mình lên để đóng vai trò “cha mẹ thần thánh”. Nhiệm vụ của bạn trong giai đoạn này là “phải tồn tại cái đã”.\r\n\r\nDẫu biết rằng bạn yêu thương đứa con của mình vô cùng, nhưng hãy một lần thành thật, đã bao giờ bạn cảm thấy:\r\n\r\n- Không hiểu vì sao một đứa bé con tí xíu như thế lại có thể gây ra những mệt mỏi và phiền toái đến nhường ấy?\r\n\r\n- Nuối tiếc thời son rỗi và ước sao có thể quẳng nhóc con cho ai đó một lúc để mình được vài phút thảnh thơi?\r\n\r\n- Dù có cố gắng bao nhiêu thì hình như mình vẫn không bằng những ông bố bà mẹ mẫu mực ngoài kia, họ giỏi giang hơn mình và con họ cũng ngoan ngoãn, thông minh hơn con mình?', 'nuoi-day-con-nuoi-con-dai-chien.jpg', 34, 1, NULL, NULL);
INSERT INTO `db_sp` (`ma_SP`, `ma_loaiSP`, `tensp`, `giacu`, `giamoi`, `sp_noibat`, `sp_moi`, `mota`, `hinhanh`, `soluong`, `isdelete`, `updated_at`, `created_at`) VALUES
('MS106', 'ML008', 'CÁCH KHEN, CÁCH MẮNG, CÁCH PHẠT CON (TÁI BẢN 2018)', 59000, 50150, 0, 0, 'Cách Khen, Cách Mắng, Cách Phạt Con (Tái Bản 2018)\r\n\r\nMuốn con ngủ sớm thì nó lại chẳng chịu đi ngủ, muốn nó dừng bú mà nó cũng không chịu, lớn lên một chút thì nói cũng không nghe, vì nhút nhát mà bị thiệt thòi…Có rất nhiều vấn như vậy khiến chúng ta nhức đầu trong quá trình nuôi dạy con. Bất cứ người phụ nữ nào đã từng nuôi con đều hiểu rằng trên thế gian này rất nhiều việc không như mình muốn. Trong quyển sách này, tôi muốn giới thiệu một số quan điểm cơ bản và phương pháp nuôi dạy con dựa trên “cách khen”, “cách mắng”, “cách dạy dỗ” trẻ.', 'nuoi-day-con-cach-khen-cach-che.jpg', 35, 1, NULL, NULL);

-- --------------------------------------------------------

--
-- Cấu trúc bảng cho bảng `migrations`
--

DROP TABLE IF EXISTS `migrations`;
CREATE TABLE IF NOT EXISTS `migrations` (
  `id` int(10) UNSIGNED NOT NULL AUTO_INCREMENT,
  `migration` varchar(191) COLLATE utf8mb4_unicode_ci NOT NULL,
  `batch` int(11) NOT NULL,
  PRIMARY KEY (`id`)
) ENGINE=MyISAM AUTO_INCREMENT=3 DEFAULT CHARSET=utf8mb4 COLLATE=utf8mb4_unicode_ci;

--
-- Đang đổ dữ liệu cho bảng `migrations`
--

INSERT INTO `migrations` (`id`, `migration`, `batch`) VALUES
(1, '2014_10_12_000000_create_users_table', 1),
(2, '2014_10_12_100000_create_password_resets_table', 1);

-- --------------------------------------------------------

--
-- Cấu trúc bảng cho bảng `password_resets`
--

DROP TABLE IF EXISTS `password_resets`;
CREATE TABLE IF NOT EXISTS `password_resets` (
  `email` varchar(191) COLLATE utf8mb4_unicode_ci NOT NULL,
  `token` varchar(191) COLLATE utf8mb4_unicode_ci NOT NULL,
  `created_at` timestamp NULL DEFAULT NULL,
  KEY `password_resets_email_index` (`email`)
) ENGINE=MyISAM DEFAULT CHARSET=utf8mb4 COLLATE=utf8mb4_unicode_ci;

-- --------------------------------------------------------

--
-- Cấu trúc bảng cho bảng `users`
--

DROP TABLE IF EXISTS `users`;
CREATE TABLE IF NOT EXISTS `users` (
  `id` int(10) UNSIGNED NOT NULL AUTO_INCREMENT,
  `name` varchar(191) COLLATE utf8mb4_unicode_ci NOT NULL,
  `email` varchar(191) COLLATE utf8mb4_unicode_ci NOT NULL,
  `email_verified_at` timestamp NULL DEFAULT NULL,
  `password` varchar(191) COLLATE utf8mb4_unicode_ci NOT NULL,
  `remember_token` varchar(100) COLLATE utf8mb4_unicode_ci DEFAULT NULL,
  `created_at` timestamp NULL DEFAULT NULL,
  `updated_at` timestamp NULL DEFAULT NULL,
  `loaitaikhoan` int(11) DEFAULT '2',
  `hoten` varchar(100) COLLATE utf8mb4_unicode_ci NOT NULL,
  `diachi` text COLLATE utf8mb4_unicode_ci NOT NULL,
  `ngaysinh` date DEFAULT NULL,
  PRIMARY KEY (`id`),
  UNIQUE KEY `users_email_unique` (`email`)
) ENGINE=MyISAM AUTO_INCREMENT=29 DEFAULT CHARSET=utf8mb4 COLLATE=utf8mb4_unicode_ci;

--
-- Đang đổ dữ liệu cho bảng `users`
--

INSERT INTO `users` (`id`, `name`, `email`, `email_verified_at`, `password`, `remember_token`, `created_at`, `updated_at`, `loaitaikhoan`, `hoten`, `diachi`, `ngaysinh`) VALUES
(12, 'KH001', 'quanh@gmail.com', NULL, '$2y$10$FWoyjRbBo2/.1ud.Dm4qjO5ZDqdsdcAPZpT03rO2Ull4A24I55ve6', 'UsxKZcYFCjBaeYbyyUoI24PxuW9pAcEg5KapbaVB6PBk2X0Lr9t8VWvw61Dn', '2019-11-23 06:00:36', '2019-11-23 06:00:36', 2, 'Mai Thị Quanh', 'Phường Hiệp Bình Chánh, Quận Thủ Đức', '2019-11-14'),
(11, 'AD003', 'tuyet@gmail.com', NULL, '$2y$10$IKv0vX0hiX7YGN76MZb6K.teViWnmSaY9SGvJUn9azHIms2sYycBO', 'SvPrlLRMhLN1agswU4R8ng8FhuJBji4zQJCmdZGhvPZA6a0xiI2OBzE3TzY6', '2019-11-21 01:55:40', '2019-11-21 01:55:40', 1, 'Nguyễn Thu Tuyết', 'Phường Trường Thọ, Quận Thủ Đức', '2019-11-20'),
(8, 'KH002', 'diem@gmail.com', NULL, '$2y$10$oAWZJ1tYiyOgRVNKox1W5.uDCf98LY8YhKS1xmQVbc7CaQv1.SSga', 'VN0ROsyz4apssl5QLYEkgdkqFZYXtNco9wl85vgjIUbklRHKfECQ1JpgIcEz', '2019-11-14 10:25:18', '2019-11-17 02:29:59', 2, 'Ngô Thị Ngọc Diễm', 'Phường Trường Thọ, Quận Thủ Đức, TP Hồ Chí Minh', '2019-11-14'),
(20, 'KH003', 'nguyenvana@gmail.com', NULL, '$2y$10$Orl1tkoHCyv68kI9BlATCuscWod6jcDL7Z2e2Eup.wkfttxnbAine', 'wWeRafdqRz4SwYMiA67yyadTqTUjEy8t4uUEzU4lpi9JrDCOVJBwXBl1M7rk', '2019-11-24 06:22:13', '2019-11-24 06:22:13', 2, 'Nguyễn Văn A', 'Phường Hiệp Bình Chánh, Quận Thủ Đức', '2019-11-12'),
(21, 'KH004', 'nguyenthib@gmail.com', NULL, '$2y$10$VDkwvhZXuZZby/vs7NUKXuqZpef2Nwh2tX1l4cvKkk99r8lP4yRau', 'upEvEev5UEzQKj4OzrACQqLcDhlrXVryDJ6x8zhbXFqbgHnGu6NffdmQDUgc', '2019-11-24 06:42:28', '2019-11-24 06:42:28', 2, 'Nguyễn Thị B', 'Phường Trường Thọ, Quận Thủ Đức', '2019-11-06'),
(19, 'KH005', 'anh@gmail.com', NULL, '$2y$10$hjuHBt22qaAnO.xHLef5QOg7hrdY.B8W1Irs7oOz7MXHYPf0gRT2u', NULL, '2019-11-23 11:04:48', '2019-11-23 11:04:48', 2, 'Võ Hoàng Anh', 'Phường Trường Thọ, Quận Thủ Đức', '2019-11-08'),
(26, 'webbansachtuyet', 'webbansachtuyet@gmail.com', NULL, '$2y$10$wGn6IJqB2H67xmRRnmP6suAP5Ic7thYdsUhe3ZJwkv07LIgwD7vte', NULL, '2019-11-27 09:53:14', '2019-11-27 09:53:14', 2, 'webbansachtuyet', 'webbansachtuyet', '2019-11-08'),
(27, 'hoanganh', 'hoanganh@gmail.com', NULL, '$2y$10$Ix3w98PXvAT7U/qcn9XiQOeK6P5oeK62o0eafqO95hzYsne5gaqdi', 'lohtCy1To69jcCQGFRJxmjakxpdQKRkMUeMh5dJK4XzIRrpMQw8yaxaqo7Hp', '2019-11-27 09:57:54', '2019-11-27 09:57:54', 2, 'hoanganh', 'hoanganh', '2019-11-09'),
(28, 'aaaaaaaaaa', 'aaaaaaaaaaa@gmail.com', NULL, '$2y$10$ybUMM/QzDY5R19ENzG6Tqut/3jTKdfEBQDCj6tu42GMSD88wplvei', 'ASsZKmsV2dqXjA86j8wNPqAPNUDXSkqXZ4XAoO2TWzdHiCYbIYaBP39AboPr', '2019-11-27 10:00:25', '2019-11-27 10:00:25', 2, 'aaaaaaaaaa', 'aaaaa', '2019-11-08');
COMMIT;

/*!40101 SET CHARACTER_SET_CLIENT=@OLD_CHARACTER_SET_CLIENT */;
/*!40101 SET CHARACTER_SET_RESULTS=@OLD_CHARACTER_SET_RESULTS */;
/*!40101 SET COLLATION_CONNECTION=@OLD_COLLATION_CONNECTION */;
